time,x,active_density_mean,active_density_sem,duct_density_mean,duct_density_sem,n_seeds
120.0,1.1666666666666667,0.0,0.0,0.012400000000000001,0.0011952079125559032,100
120.0,3.5,0.0,0.0,0.02031428571428571,0.0017466379637630861,100
120.0,5.833333333333334,2.857142857142857e-05,2.8571428571428567e-05,0.02154285714285715,0.001980910755473421,100
120.0,8.166666666666668,8.571428571428571e-05,6.362900095817532e-05,0.02137142857142857,0.0019422628749070543,100
120.0,10.5,5.714285714285714e-05,4.0201512610368476e-05,0.02117142857142857,0.0017363158774316948,100
120.0,12.833333333333334,5.714285714285714e-05,5.7142857142857135e-05,0.021971428571428572,0.0020641914676628546,100
120.0,15.166666666666668,2.857142857142857e-05,2.8571428571428567e-05,0.01925714285714286,0.0022808823385751936,100
120.0,17.5,5.714285714285714e-05,4.020151261036847e-05,0.01925714285714286,0.002188261632288542,100
120.0,19.833333333333336,0.0,0.0,0.01985714285714286,0.0021956930161267586,100
120.0,22.166666666666668,2.857142857142857e-05,2.8571428571428567e-05,0.021914285714285716,0.0026195764912690686,100
120.0,24.5,0.00011428571428571428,9.007658392131569e-05,0.020085714285714283,0.0022263040228468105,100
120.0,26.833333333333336,8.571428571428571e-05,6.362900095817532e-05,0.01748571428571428,0.0019409038649098765,100
120.0,29.166666666666668,2.857142857142857e-05,2.8571428571428567e-05,0.015885714285714284,0.0020616433054591547,100
120.0,31.500000000000004,5.714285714285714e-05,4.0201512610368476e-05,0.01782857142857143,0.0026465287860786978,100
120.0,33.833333333333336,8.571428571428571e-05,6.362900095817534e-05,0.014771428571428569,0.0019657152085638297,100
120.0,36.16666666666667,0.00011428571428571428,6.939381786844633e-05,0.015085714285714287,0.0020072349041456335,100
120.0,38.5,8.571428571428571e-05,4.8984745142218657e-05,0.015857142857142854,0.0022192259742901182,100
120.0,40.833333333333336,0.00022857142857142857,0.0001049584932342285,0.014571428571428574,0.002049681836228994,100
120.0,43.16666666666667,0.0,0.0,0.0128,0.001904103782408575,100
120.0,45.5,0.00011428571428571428,0.0001142857142857143,0.013657142857142857,0.0021506179808239794,100
120.0,47.833333333333336,8.571428571428571e-05,6.362900095817531e-05,0.012914285714285717,0.0019414136051417903,100
120.0,50.16666666666667,5.714285714285714e-05,4.020151261036847e-05,0.011914285714285712,0.0020865838587381257,100
120.0,52.5,0.00011428571428571428,6.939381786844633e-05,0.012285714285714289,0.002050084089561534,100
120.0,54.833333333333336,8.571428571428571e-05,6.362900095817534e-05,0.010742857142857143,0.0018917826185860611,100
120.0,57.16666666666667,2.857142857142857e-05,2.8571428571428574e-05,0.009628571428571429,0.0016211623571275604,100
120.0,59.5,0.00011428571428571428,6.939381786844633e-05,0.010085714285714285,0.0018664789197923646,100
120.0,61.83333333333334,5.714285714285714e-05,4.020151261036847e-05,0.008657142857142858,0.0013379357795021967,100
120.0,64.16666666666667,0.0,0.0,0.0077714285714285715,0.0011937306165935365,100
120.0,66.5,0.00017142857142857143,6.819521616455488e-05,0.0068571428571428585,0.0011964353018268199,100
120.0,68.83333333333334,0.00011428571428571428,6.939381786844631e-05,0.006714285714285715,0.001176541826695913,100
120.0,71.16666666666667,2.857142857142857e-05,2.8571428571428567e-05,0.0065428571428571445,0.001285662977972569,100
120.0,73.5,0.00011428571428571428,6.939381786844633e-05,0.006999999999999999,0.0014273443503425346,100
120.0,75.83333333333334,0.00017142857142857143,7.937085116097553e-05,0.005657142857142857,0.0012148873817095411,100
120.0,78.16666666666667,8.571428571428571e-05,4.8984745142218657e-05,0.005828571428571429,0.0014212916972393518,100
120.0,80.5,0.00014285714285714284,7.460470969529909e-05,0.005228571428571429,0.0015431964781021236,100
120.0,82.83333333333334,2.857142857142857e-05,2.8571428571428574e-05,0.004857142857142857,0.0011773300121607918,100
120.0,85.16666666666667,0.00034285714285714285,0.00013020447582412097,0.005371428571428572,0.0013525394700098206,100
120.0,87.5,0.00011428571428571428,5.627039587626639e-05,0.003371428571428572,0.0009698654770101813,100
120.0,89.83333333333334,0.00011428571428571428,6.939381786844633e-05,0.0029142857142857143,0.0008775633889047975,100
120.0,92.16666666666667,0.00034285714285714285,0.00014230774587916439,0.0022,0.0006841914306918784,100
120.0,94.5,0.00011428571428571428,5.627039587626639e-05,0.0018857142857142855,0.000633328450978805,100
120.0,96.83333333333334,0.00011428571428571428,9.007658392131569e-05,0.0012,0.0005929288539532718,100
120.0,99.16666666666667,0.0,0.0,0.0010285714285714286,0.000423042742311347,100
120.0,101.5,0.00011428571428571428,9.007658392131569e-05,0.0008,0.00029306559997284887,100
120.0,103.83333333333334,8.571428571428571e-05,4.8984745142218657e-05,0.0006857142857142861,0.0002604089516482421,100
120.0,106.16666666666667,0.00011428571428571428,6.939381786844633e-05,0.0004,0.00020312950437420419,100
120.0,108.5,0.0,0.0,0.00017142857142857143,0.00012060453783110546,100
120.0,110.83333333333334,2.857142857142857e-05,2.8571428571428567e-05,5.714285714285714e-05,5.7142857142857135e-05,100
120.0,113.16666666666667,2.857142857142857e-05,2.8571428571428567e-05,2.857142857142857e-05,2.8571428571428567e-05,100
120.0,115.5,0.0,0.0,0.0,0.0,100
120.0,117.83333333333334,0.0,0.0,0.0,0.0,100
120.0,120.16666666666669,0.0,0.0,0.0,0.0,100
120.0,122.5,0.0,0.0,0.0,0.0,100
120.0,124.83333333333334,0.0,0.0,0.0,0.0,100
120.0,127.16666666666669,0.0,0.0,0.0,0.0,100
120.0,129.5,0.0,0.0,0.0,0.0,100
120.0,131.83333333333334,0.0,0.0,0.0,0.0,100
120.0,134.16666666666669,0.0,0.0,0.0,0.0,100
120.0,136.5,0.0,0.0,0.0,0.0,100
120.0,138.83333333333334,0.0,0.0,0.0,0.0,100
120.0,141.16666666666669,0.0,0.0,0.0,0.0,100
120.0,143.5,0.0,0.0,0.0,0.0,100
120.0,145.83333333333334,0.0,0.0,0.0,0.0,100
120.0,148.16666666666669,0.0,0.0,0.0,0.0,100
120.0,150.5,0.0,0.0,0.0,0.0,100
120.0,152.83333333333334,0.0,0.0,0.0,0.0,100
120.0,155.16666666666669,0.0,0.0,0.0,0.0,100
120.0,157.5,0.0,0.0,0.0,0.0,100
120.0,159.83333333333334,0.0,0.0,0.0,0.0,100
120.0,162.16666666666669,0.0,0.0,0.0,0.0,100
120.0,164.5,0.0,0.0,0.0,0.0,100
120.0,166.83333333333334,0.0,0.0,0.0,0.0,100
120.0,169.16666666666669,0.0,0.0,0.0,0.0,100
120.0,171.5,0.0,0.0,0.0,0.0,100
120.0,173.83333333333334,0.0,0.0,0.0,0.0,100
120.0,176.16666666666669,0.0,0.0,0.0,0.0,100
120.0,178.5,0.0,0.0,0.0,0.0,100
120.0,180.83333333333334,0.0,0.0,0.0,0.0,100
120.0,183.16666666666669,0.0,0.0,0.0,0.0,100
120.0,185.5,0.0,0.0,0.0,0.0,100
120.0,187.83333333333334,0.0,0.0,0.0,0.0,100
120.0,190.16666666666669,0.0,0.0,0.0,0.0,100
120.0,192.5,0.0,0.0,0.0,0.0,100
120.0,194.83333333333334,0.0,0.0,0.0,0.0,100
120.0,197.16666666666669,0.0,0.0,0.0,0.0,100
120.0,199.5,0.0,0.0,0.0,0.0,100
120.0,201.83333333333334,0.0,0.0,0.0,0.0,100
120.0,204.16666666666669,0.0,0.0,0.0,0.0,100
120.0,206.5,0.0,0.0,0.0,0.0,100
120.0,208.83333333333334,0.0,0.0,0.0,0.0,100
120.0,211.16666666666669,0.0,0.0,0.0,0.0,100
120.0,213.5,0.0,0.0,0.0,0.0,100
120.0,215.83333333333334,0.0,0.0,0.0,0.0,100
120.0,218.16666666666669,0.0,0.0,0.0,0.0,100
120.0,220.5,0.0,0.0,0.0,0.0,100
120.0,222.83333333333334,0.0,0.0,0.0,0.0,100
120.0,225.16666666666669,0.0,0.0,0.0,0.0,100
120.0,227.5,0.0,0.0,0.0,0.0,100
120.0,229.83333333333337,0.0,0.0,0.0,0.0,100
120.0,232.16666666666669,0.0,0.0,0.0,0.0,100
120.0,234.5,0.0,0.0,0.0,0.0,100
120.0,236.83333333333337,0.0,0.0,0.0,0.0,100
120.0,239.16666666666669,0.0,0.0,0.0,0.0,100
120.0,241.5,0.0,0.0,0.0,0.0,100
120.0,243.83333333333337,0.0,0.0,0.0,0.0,100
120.0,246.16666666666669,0.0,0.0,0.0,0.0,100
120.0,248.5,0.0,0.0,0.0,0.0,100
120.0,250.83333333333337,0.0,0.0,0.0,0.0,100
120.0,253.16666666666669,0.0,0.0,0.0,0.0,100
120.0,255.5,0.0,0.0,0.0,0.0,100
120.0,257.83333333333337,0.0,0.0,0.0,0.0,100
120.0,260.1666666666667,0.0,0.0,0.0,0.0,100
120.0,262.5,0.0,0.0,0.0,0.0,100
120.0,264.83333333333337,0.0,0.0,0.0,0.0,100
120.0,267.1666666666667,0.0,0.0,0.0,0.0,100
120.0,269.5,0.0,0.0,0.0,0.0,100
120.0,271.83333333333337,0.0,0.0,0.0,0.0,100
120.0,274.1666666666667,0.0,0.0,0.0,0.0,100
120.0,276.5,0.0,0.0,0.0,0.0,100
120.0,278.83333333333337,0.0,0.0,0.0,0.0,100
140.0,1.1666666666666667,0.0,0.0,0.013114285714285715,0.0013536455279035784,100
140.0,3.5,5.714285714285714e-05,5.714285714285715e-05,0.02157142857142857,0.002109895602075953,100
140.0,5.833333333333334,2.857142857142857e-05,2.8571428571428574e-05,0.022342857142857143,0.0021071600997166714,100
140.0,8.166666666666668,5.714285714285714e-05,5.714285714285715e-05,0.02214285714285714,0.002057261099696203,100
140.0,10.5,2.857142857142857e-05,2.8571428571428567e-05,0.021799999999999996,0.0017815819430350387,100
140.0,12.833333333333334,8.571428571428571e-05,4.8984745142218657e-05,0.023314285714285714,0.0021777230860742366,100
140.0,15.166666666666668,0.0,0.0,0.02017142857142857,0.0023416038600485678,100
140.0,17.5,8.571428571428571e-05,6.362900095817531e-05,0.020057142857142857,0.002285346290723127,100
140.0,19.833333333333336,5.714285714285714e-05,4.020151261036847e-05,0.021028571428571438,0.0023110143804186403,100
140.0,22.166666666666668,5.714285714285714e-05,4.020151261036847e-05,0.022799999999999997,0.0026694419695467383,100
140.0,24.5,2.857142857142857e-05,2.8571428571428574e-05,0.021228571428571433,0.0023526473375645356,100
140.0,26.833333333333336,0.0,0.0,0.01837142857142857,0.0020318044273714858,100
140.0,29.166666666666668,0.0,0.0,0.016685714285714283,0.002148753791652933,100
140.0,31.500000000000004,0.0,0.0,0.018657142857142858,0.0027067046860857996,100
140.0,33.833333333333336,2.857142857142857e-05,2.8571428571428567e-05,0.01622857142857143,0.002123337745825872,100
140.0,36.16666666666667,0.0,0.0,0.016342857142857145,0.0021626617283781262,100
140.0,38.5,2.857142857142857e-05,2.8571428571428567e-05,0.017057142857142854,0.0023537686286824403,100
140.0,40.833333333333336,0.0,0.0,0.015914285714285718,0.002245407599428125,100
140.0,43.16666666666667,5.714285714285714e-05,4.0201512610368476e-05,0.013571428571428573,0.0019616504689567603,100
140.0,45.5,0.00011428571428571428,5.627039587626639e-05,0.015085714285714284,0.002287906596545539,100
140.0,47.833333333333336,5.714285714285714e-05,4.020151261036847e-05,0.014314285714285715,0.0021787735576754286,100
140.0,50.16666666666667,2.857142857142857e-05,2.8571428571428567e-05,0.013257142857142856,0.0024190953398844856,100
140.0,52.5,2.857142857142857e-05,2.8571428571428567e-05,0.013628571428571429,0.0025641567854977794,100
140.0,54.833333333333336,2.857142857142857e-05,2.8571428571428567e-05,0.011457142857142857,0.0019247843743266495,100
140.0,57.16666666666667,2.857142857142857e-05,2.8571428571428567e-05,0.010457142857142856,0.001696988249743975,100
140.0,59.5,0.00011428571428571428,8.040302522073694e-05,0.011542857142857146,0.002109717775179679,100
140.0,61.83333333333334,0.0,0.0,0.00982857142857143,0.0015411994729092712,100
140.0,64.16666666666667,2.857142857142857e-05,2.8571428571428574e-05,0.009085714285714286,0.0014666666666666667,100
140.0,66.5,5.714285714285714e-05,4.020151261036847e-05,0.007971428571428572,0.001388051613223729,100
140.0,68.83333333333334,5.714285714285714e-05,4.020151261036847e-05,0.007828571428571428,0.001273629270735553,100
140.0,71.16666666666667,2.857142857142857e-05,2.8571428571428567e-05,0.008,0.0014363425000206227,100
140.0,73.5,0.00014285714285714287,8.494119857293759e-05,0.008571428571428572,0.0016570532891154888,100
140.0,75.83333333333334,5.714285714285714e-05,4.020151261036847e-05,0.007371428571428571,0.0014631768229343063,100
140.0,78.16666666666667,8.571428571428571e-05,6.362900095817531e-05,0.008228571428571429,0.0017897207580155686,100
140.0,80.5,5.714285714285714e-05,4.020151261036847e-05,0.007600000000000001,0.001861508909326284,100
140.0,82.83333333333334,0.00011428571428571428,5.627039587626639e-05,0.007857142857142858,0.0016720999872456607,100
140.0,85.16666666666667,0.00011428571428571428,9.007658392131569e-05,0.00842857142857143,0.0020188250306120968,100
140.0,87.5,0.00011428571428571428,5.627039587626639e-05,0.0061714285714285725,0.001403661613264265,100
140.0,89.83333333333334,8.571428571428571e-05,6.362900095817532e-05,0.005600000000000001,0.0012956454668774302,100
140.0,92.16666666666667,0.00025714285714285715,0.00015777780681200935,0.004571428571428571,0.0010866404495056092,100
140.0,94.5,0.0,0.0,0.004657142857142857,0.001093188369954451,100
140.0,96.83333333333334,0.00011428571428571428,6.939381786844633e-05,0.004285714285714285,0.0010908060145077736,100
140.0,99.16666666666667,0.0,0.0,0.002999999999999999,0.0007888890340600465,100
140.0,101.5,0.00014285714285714287,6.258368958788295e-05,0.002428571428571429,0.0006230308083613426,100
140.0,103.83333333333334,0.00011428571428571428,6.939381786844631e-05,0.002114285714285715,0.0006113338924146463,100
140.0,106.16666666666667,8.571428571428571e-05,4.8984745142218657e-05,0.001857142857142858,0.0005705259826935743,100
140.0,108.5,0.00017142857142857143,9.796949028443731e-05,0.0018,0.0006273568220303424,100
140.0,110.83333333333334,8.571428571428571e-05,4.898474514221867e-05,0.0010857142857142858,0.00038263696798426593,100
140.0,113.16666666666667,5.714285714285714e-05,4.020151261036847e-05,0.0009142857142857144,0.00033458022817672037,100
140.0,115.5,0.0,0.0,0.0010571428571428572,0.0004515805176543425,100
140.0,117.83333333333334,2.857142857142857e-05,2.8571428571428567e-05,0.001,0.00043240231081751845,100
140.0,120.16666666666669,0.00017142857142857143,0.00010605265453009567,0.0007714285714285716,0.00037846591140232034,100
140.0,122.5,8.571428571428571e-05,4.898474514221867e-05,0.00037142857142857143,0.00022484333399111286,100
140.0,124.83333333333334,8.571428571428571e-05,6.362900095817532e-05,0.00014285714285714287,0.00010253436608075335,100
140.0,127.16666666666669,0.0,0.0,0.0,0.0,100
140.0,129.5,0.0,0.0,0.0,0.0,100
140.0,131.83333333333334,0.0,0.0,0.0,0.0,100
140.0,134.16666666666669,0.0,0.0,0.0,0.0,100
140.0,136.5,0.0,0.0,0.0,0.0,100
140.0,138.83333333333334,0.0,0.0,0.0,0.0,100
140.0,141.16666666666669,0.0,0.0,0.0,0.0,100
140.0,143.5,0.0,0.0,0.0,0.0,100
140.0,145.83333333333334,0.0,0.0,0.0,0.0,100
140.0,148.16666666666669,0.0,0.0,0.0,0.0,100
140.0,150.5,0.0,0.0,0.0,0.0,100
140.0,152.83333333333334,0.0,0.0,0.0,0.0,100
140.0,155.16666666666669,0.0,0.0,0.0,0.0,100
140.0,157.5,0.0,0.0,0.0,0.0,100
140.0,159.83333333333334,0.0,0.0,0.0,0.0,100
140.0,162.16666666666669,0.0,0.0,0.0,0.0,100
140.0,164.5,0.0,0.0,0.0,0.0,100
140.0,166.83333333333334,0.0,0.0,0.0,0.0,100
140.0,169.16666666666669,0.0,0.0,0.0,0.0,100
140.0,171.5,0.0,0.0,0.0,0.0,100
140.0,173.83333333333334,0.0,0.0,0.0,0.0,100
140.0,176.16666666666669,0.0,0.0,0.0,0.0,100
140.0,178.5,0.0,0.0,0.0,0.0,100
140.0,180.83333333333334,0.0,0.0,0.0,0.0,100
140.0,183.16666666666669,0.0,0.0,0.0,0.0,100
140.0,185.5,0.0,0.0,0.0,0.0,100
140.0,187.83333333333334,0.0,0.0,0.0,0.0,100
140.0,190.16666666666669,0.0,0.0,0.0,0.0,100
140.0,192.5,0.0,0.0,0.0,0.0,100
140.0,194.83333333333334,0.0,0.0,0.0,0.0,100
140.0,197.16666666666669,0.0,0.0,0.0,0.0,100
140.0,199.5,0.0,0.0,0.0,0.0,100
140.0,201.83333333333334,0.0,0.0,0.0,0.0,100
140.0,204.16666666666669,0.0,0.0,0.0,0.0,100
140.0,206.5,0.0,0.0,0.0,0.0,100
140.0,208.83333333333334,0.0,0.0,0.0,0.0,100
140.0,211.16666666666669,0.0,0.0,0.0,0.0,100
140.0,213.5,0.0,0.0,0.0,0.0,100
140.0,215.83333333333334,0.0,0.0,0.0,0.0,100
140.0,218.16666666666669,0.0,0.0,0.0,0.0,100
140.0,220.5,0.0,0.0,0.0,0.0,100
140.0,222.83333333333334,0.0,0.0,0.0,0.0,100
140.0,225.16666666666669,0.0,0.0,0.0,0.0,100
140.0,227.5,0.0,0.0,0.0,0.0,100
140.0,229.83333333333337,0.0,0.0,0.0,0.0,100
140.0,232.16666666666669,0.0,0.0,0.0,0.0,100
140.0,234.5,0.0,0.0,0.0,0.0,100
140.0,236.83333333333337,0.0,0.0,0.0,0.0,100
140.0,239.16666666666669,0.0,0.0,0.0,0.0,100
140.0,241.5,0.0,0.0,0.0,0.0,100
140.0,243.83333333333337,0.0,0.0,0.0,0.0,100
140.0,246.16666666666669,0.0,0.0,0.0,0.0,100
140.0,248.5,0.0,0.0,0.0,0.0,100
140.0,250.83333333333337,0.0,0.0,0.0,0.0,100
140.0,253.16666666666669,0.0,0.0,0.0,0.0,100
140.0,255.5,0.0,0.0,0.0,0.0,100
140.0,257.83333333333337,0.0,0.0,0.0,0.0,100
140.0,260.1666666666667,0.0,0.0,0.0,0.0,100
140.0,262.5,0.0,0.0,0.0,0.0,100
140.0,264.83333333333337,0.0,0.0,0.0,0.0,100
140.0,267.1666666666667,0.0,0.0,0.0,0.0,100
140.0,269.5,0.0,0.0,0.0,0.0,100
140.0,271.83333333333337,0.0,0.0,0.0,0.0,100
140.0,274.1666666666667,0.0,0.0,0.0,0.0,100
140.0,276.5,0.0,0.0,0.0,0.0,100
140.0,278.83333333333337,0.0,0.0,0.0,0.0,100
160.0,1.1666666666666667,2.857142857142857e-05,2.8571428571428567e-05,0.013628571428571429,0.0014825891207369771,100
160.0,3.5,0.00014285714285714287,0.00010253436608075335,0.02194285714285714,0.0021163361221071954,100
160.0,5.833333333333334,0.0,0.0,0.022828571428571434,0.002088732521329787,100
160.0,8.166666666666668,0.0,0.0,0.022599999999999995,0.0020627528923624116,100
160.0,10.5,0.0,0.0,0.02251428571428571,0.001807599797360308,100
160.0,12.833333333333334,0.0,0.0,0.02377142857142857,0.002185343129320302,100
160.0,15.166666666666668,0.0,0.0,0.020714285714285713,0.0023673638211213583,100
160.0,17.5,0.0,0.0,0.020514285714285718,0.0023056060848888654,100
160.0,19.833333333333336,0.0,0.0,0.021171428571428577,0.002311576273692728,100
160.0,22.166666666666668,5.714285714285714e-05,5.7142857142857135e-05,0.023542857142857147,0.0027698408150270237,100
160.0,24.5,0.0,0.0,0.021628571428571428,0.002428530684659495,100
160.0,26.833333333333336,0.0,0.0,0.018428571428571426,0.0020330702304509765,100
160.0,29.166666666666668,0.0,0.0,0.0168,0.00215356822788177,100
160.0,31.500000000000004,2.857142857142857e-05,2.8571428571428567e-05,0.018885714285714287,0.0027150511565956457,100
160.0,33.833333333333336,2.857142857142857e-05,2.8571428571428574e-05,0.016514285714285714,0.002182964723140949,100
160.0,36.16666666666667,0.0,0.0,0.01662857142857143,0.002191560055581683,100
160.0,38.5,0.0,0.0,0.017657142857142857,0.0024190476190476193,100
160.0,40.833333333333336,0.0,0.0,0.01637142857142857,0.0022892667199406517,100
160.0,43.16666666666667,2.857142857142857e-05,2.8571428571428567e-05,0.013828571428571428,0.001996376845997467,100
160.0,45.5,0.0,0.0,0.015342857142857144,0.0023181874365839888,100
160.0,47.833333333333336,0.0,0.0,0.014942857142857147,0.002325715987533547,100
160.0,50.16666666666667,0.0,0.0,0.013457142857142857,0.002433293092745095,100
160.0,52.5,2.857142857142857e-05,2.8571428571428567e-05,0.013885714285714286,0.0025712746466677117,100
160.0,54.833333333333336,2.857142857142857e-05,2.8571428571428567e-05,0.011942857142857146,0.0019515381984296161,100
160.0,57.16666666666667,0.0,0.0,0.01177142857142857,0.0018034895971034714,100
160.0,59.5,8.571428571428571e-05,6.362900095817531e-05,0.012285714285714289,0.0021836898451771747,100
160.0,61.83333333333334,2.857142857142857e-05,2.8571428571428567e-05,0.01042857142857143,0.0016051735569746716,100
160.0,64.16666666666667,0.0,0.0,0.0096,0.001518127936119587,100
160.0,66.5,0.0,0.0,0.008400000000000003,0.0014419689235268683,100
160.0,68.83333333333334,0.0,0.0,0.008342857142857143,0.0013119371701121956,100
160.0,71.16666666666667,5.714285714285714e-05,4.020151261036847e-05,0.009342857142857142,0.0016414819515669795,100
160.0,73.5,0.00011428571428571428,9.007658392131569e-05,0.009342857142857142,0.0018032952726731329,100
160.0,75.83333333333334,8.571428571428571e-05,4.8984745142218657e-05,0.008028571428571428,0.0015349672668855923,100
160.0,78.16666666666667,0.0,0.0,0.009257142857142858,0.001971188056516623,100
160.0,80.5,2.857142857142857e-05,2.8571428571428567e-05,0.009285714285714286,0.0021877924459225524,100
160.0,82.83333333333334,5.714285714285714e-05,4.020151261036847e-05,0.009171428571428572,0.0018650823738884576,100
160.0,85.16666666666667,0.0,0.0,0.009942857142857144,0.002168145159412073,100
160.0,87.5,2.857142857142857e-05,2.8571428571428567e-05,0.008142857142857144,0.0017449754118027939,100
160.0,89.83333333333334,0.00014285714285714284,8.49411985729376e-05,0.008314285714285713,0.002027270277589105,100
160.0,92.16666666666667,0.00011428571428571428,5.627039587626639e-05,0.006885714285714286,0.0014242908451090864,100
160.0,94.5,8.571428571428571e-05,4.898474514221867e-05,0.0061428571428571435,0.0012366791768758149,100
160.0,96.83333333333334,0.0002,0.00012354283631878276,0.005142857142857143,0.0011678366780931526,100
160.0,99.16666666666667,2.857142857142857e-05,2.8571428571428567e-05,0.004085714285714286,0.0009473938691322784,100
160.0,101.5,0.0,0.0,0.003628571428571429,0.0008708428945216099,100
160.0,103.83333333333334,2.857142857142857e-05,2.8571428571428567e-05,0.0033999999999999985,0.0008179545711579901,100
160.0,106.16666666666667,2.857142857142857e-05,2.8571428571428567e-05,0.0036285714285714276,0.0009178636700291774,100
160.0,108.5,0.0,0.0,0.003771428571428571,0.0009762210954969892,100
160.0,110.83333333333334,0.00014285714285714287,7.460470969529909e-05,0.0032571428571428573,0.0008263043074395137,100
160.0,113.16666666666667,8.571428571428571e-05,6.362900095817534e-05,0.0031428571428571434,0.0008137146424111936,100
160.0,115.5,0.00017142857142857143,8.915647211675153e-05,0.0034285714285714284,0.0009771666537189976,100
160.0,117.83333333333334,8.571428571428571e-05,6.362900095817532e-05,0.0029428571428571416,0.0010998060210141596,100
160.0,120.16666666666669,0.0002,9.309271926708392e-05,0.0026571428571428566,0.0010138232386694096,100
160.0,122.5,0.00011428571428571428,0.00011428571428571427,0.001971428571428571,0.0007701876610210223,100
160.0,124.83333333333334,5.714285714285714e-05,4.020151261036847e-05,0.0016857142857142856,0.0007400490827070203,100
160.0,127.16666666666669,2.857142857142857e-05,2.8571428571428574e-05,0.0013142857142857144,0.0005633190800068949,100
160.0,129.5,0.00014285714285714284,0.0001175227009566946,0.0009142857142857144,0.0004038160581028132,100
160.0,131.83333333333334,0.00011428571428571428,6.939381786844633e-05,0.0009428571428571427,0.00048909779835889,100
160.0,134.16666666666669,5.714285714285714e-05,5.714285714285715e-05,0.0007428571428571429,0.0003822920168499287,100
160.0,136.5,0.00011428571428571428,8.040302522073694e-05,0.0006571428571428571,0.0003320445090162487,100
160.0,138.83333333333334,0.00011428571428571428,9.007658392131569e-05,0.0004857142857142857,0.00022263206897584793,100
160.0,141.16666666666669,5.714285714285714e-05,4.020151261036847e-05,0.00022857142857142857,0.0001446068889774058,100
160.0,143.5,2.857142857142857e-05,2.8571428571428567e-05,0.0,0.0,100
160.0,145.83333333333334,0.0,0.0,0.0,0.0,100
160.0,148.16666666666669,0.0,0.0,0.0,0.0,100
160.0,150.5,0.0,0.0,0.0,0.0,100
160.0,152.83333333333334,0.0,0.0,0.0,0.0,100
160.0,155.16666666666669,0.0,0.0,0.0,0.0,100
160.0,157.5,0.0,0.0,0.0,0.0,100
160.0,159.83333333333334,0.0,0.0,0.0,0.0,100
160.0,162.16666666666669,0.0,0.0,0.0,0.0,100
160.0,164.5,0.0,0.0,0.0,0.0,100
160.0,166.83333333333334,0.0,0.0,0.0,0.0,100
160.0,169.16666666666669,0.0,0.0,0.0,0.0,100
160.0,171.5,0.0,0.0,0.0,0.0,100
160.0,173.83333333333334,0.0,0.0,0.0,0.0,100
160.0,176.16666666666669,0.0,0.0,0.0,0.0,100
160.0,178.5,0.0,0.0,0.0,0.0,100
160.0,180.83333333333334,0.0,0.0,0.0,0.0,100
160.0,183.16666666666669,0.0,0.0,0.0,0.0,100
160.0,185.5,0.0,0.0,0.0,0.0,100
160.0,187.83333333333334,0.0,0.0,0.0,0.0,100
160.0,190.16666666666669,0.0,0.0,0.0,0.0,100
160.0,192.5,0.0,0.0,0.0,0.0,100
160.0,194.83333333333334,0.0,0.0,0.0,0.0,100
160.0,197.16666666666669,0.0,0.0,0.0,0.0,100
160.0,199.5,0.0,0.0,0.0,0.0,100
160.0,201.83333333333334,0.0,0.0,0.0,0.0,100
160.0,204.16666666666669,0.0,0.0,0.0,0.0,100
160.0,206.5,0.0,0.0,0.0,0.0,100
160.0,208.83333333333334,0.0,0.0,0.0,0.0,100
160.0,211.16666666666669,0.0,0.0,0.0,0.0,100
160.0,213.5,0.0,0.0,0.0,0.0,100
160.0,215.83333333333334,0.0,0.0,0.0,0.0,100
160.0,218.16666666666669,0.0,0.0,0.0,0.0,100
160.0,220.5,0.0,0.0,0.0,0.0,100
160.0,222.83333333333334,0.0,0.0,0.0,0.0,100
160.0,225.16666666666669,0.0,0.0,0.0,0.0,100
160.0,227.5,0.0,0.0,0.0,0.0,100
160.0,229.83333333333337,0.0,0.0,0.0,0.0,100
160.0,232.16666666666669,0.0,0.0,0.0,0.0,100
160.0,234.5,0.0,0.0,0.0,0.0,100
160.0,236.83333333333337,0.0,0.0,0.0,0.0,100
160.0,239.16666666666669,0.0,0.0,0.0,0.0,100
160.0,241.5,0.0,0.0,0.0,0.0,100
160.0,243.83333333333337,0.0,0.0,0.0,0.0,100
160.0,246.16666666666669,0.0,0.0,0.0,0.0,100
160.0,248.5,0.0,0.0,0.0,0.0,100
160.0,250.83333333333337,0.0,0.0,0.0,0.0,100
160.0,253.16666666666669,0.0,0.0,0.0,0.0,100
160.0,255.5,0.0,0.0,0.0,0.0,100
160.0,257.83333333333337,0.0,0.0,0.0,0.0,100
160.0,260.1666666666667,0.0,0.0,0.0,0.0,100
160.0,262.5,0.0,0.0,0.0,0.0,100
160.0,264.83333333333337,0.0,0.0,0.0,0.0,100
160.0,267.1666666666667,0.0,0.0,0.0,0.0,100
160.0,269.5,0.0,0.0,0.0,0.0,100
160.0,271.83333333333337,0.0,0.0,0.0,0.0,100
160.0,274.1666666666667,0.0,0.0,0.0,0.0,100
160.0,276.5,0.0,0.0,0.0,0.0,100
160.0,278.83333333333337,0.0,0.0,0.0,0.0,100
180.0,1.1666666666666667,0.0,0.0,0.014171428571428573,0.001509084699949723,100
180.0,3.5,2.857142857142857e-05,2.8571428571428567e-05,0.022228571428571427,0.002116998376805332,100
180.0,5.833333333333334,0.0,0.0,0.022885714285714287,0.0020895219153369187,100
180.0,8.166666666666668,0.0,0.0,0.02268571428571428,0.0020706228218427447,100
180.0,10.5,0.0,0.0,0.022571428571428572,0.0018067876328433936,100
180.0,12.833333333333334,0.0,0.0,0.023828571428571425,0.002184339229259211,100
180.0,15.166666666666668,0.0,0.0,0.020799999999999996,0.002366564318777834,100
180.0,17.5,0.0,0.0,0.020685714285714286,0.0023094439223921613,100
180.0,19.833333333333336,0.0,0.0,0.02137142857142858,0.0023167019257604336,100
180.0,22.166666666666668,0.0,0.0,0.02368571428571429,0.002785033771913516,100
180.0,24.5,0.0,0.0,0.021628571428571428,0.002428530684659495,100
180.0,26.833333333333336,0.0,0.0,0.018428571428571426,0.0020330702304509765,100
180.0,29.166666666666668,0.0,0.0,0.017314285714285713,0.002351443106598669,100
180.0,31.500000000000004,0.0,0.0,0.019257142857142858,0.0028151663933602003,100
180.0,33.833333333333336,5.714285714285714e-05,5.714285714285715e-05,0.0166,0.0022096637513527857,100
180.0,36.16666666666667,0.0,0.0,0.01662857142857143,0.002191560055581683,100
180.0,38.5,0.0,0.0,0.017657142857142854,0.0024190476190476193,100
180.0,40.833333333333336,2.857142857142857e-05,2.8571428571428567e-05,0.01637142857142857,0.0022892667199406517,100
180.0,43.16666666666667,0.0,0.0,0.014057142857142857,0.0020132236513145593,100
180.0,45.5,0.0,0.0,0.015600000000000001,0.002320947780159469,100
180.0,47.833333333333336,8.571428571428571e-05,8.57142857142857e-05,0.015314285714285716,0.002339736773979293,100
180.0,50.16666666666667,0.0,0.0,0.013857142857142854,0.0024539040367636674,100
180.0,52.5,0.0,0.0,0.0142,0.002604233586029487,100
180.0,54.833333333333336,5.714285714285714e-05,4.020151261036847e-05,0.012400000000000001,0.0020228421421085566,100
180.0,57.16666666666667,2.857142857142857e-05,2.8571428571428567e-05,0.012314285714285713,0.001867026646091873,100
180.0,59.5,0.0,0.0,0.012742857142857146,0.002219242694359206,100
180.0,61.83333333333334,0.0,0.0,0.010742857142857144,0.0016345678320358204,100
180.0,64.16666666666667,5.714285714285714e-05,5.7142857142857135e-05,0.009942857142857142,0.0015524792150134752,100
180.0,66.5,0.0,0.0,0.008800000000000004,0.0014968833146917354,100
180.0,68.83333333333334,0.0,0.0,0.008771428571428572,0.0013766944358038513,100
180.0,71.16666666666667,2.857142857142857e-05,2.8571428571428567e-05,0.009628571428571429,0.0016717448918128664,100
180.0,73.5,0.0,0.0,0.009742857142857142,0.0019069662569357992,100
180.0,75.83333333333334,8.571428571428571e-05,4.8984745142218657e-05,0.008914285714285713,0.0016230050945707716,100
180.0,78.16666666666667,5.714285714285714e-05,4.020151261036847e-05,0.011371428571428572,0.002320436129295119,100
180.0,80.5,8.571428571428571e-05,6.362900095817531e-05,0.010485714285714287,0.0022932973059545175,100
180.0,82.83333333333334,2.857142857142857e-05,2.8571428571428567e-05,0.010685714285714284,0.002170479020758,100
180.0,85.16666666666667,5.714285714285714e-05,5.7142857142857135e-05,0.010971428571428571,0.0022433740822090445,100
180.0,87.5,5.714285714285714e-05,4.020151261036847e-05,0.008885714285714285,0.001793685527508511,100
180.0,89.83333333333334,8.571428571428571e-05,6.362900095817532e-05,0.009285714285714286,0.0023088207971842713,100
180.0,92.16666666666667,8.571428571428571e-05,4.8984745142218657e-05,0.008542857142857144,0.0018691453637551172,100
180.0,94.5,0.00011428571428571428,5.627039587626639e-05,0.007999999999999998,0.0016435628072266361,100
180.0,96.83333333333334,8.571428571428571e-05,6.362900095817531e-05,0.006857142857142857,0.0016590425494825652,100
180.0,99.16666666666667,0.0,0.0,0.006114285714285716,0.0014317540306230398,100
180.0,101.5,2.857142857142857e-05,2.8571428571428567e-05,0.005228571428571429,0.001343225518230733,100
180.0,103.83333333333334,5.714285714285714e-05,4.0201512610368476e-05,0.0052,0.0014359865277124273,100
180.0,106.16666666666667,5.714285714285714e-05,4.0201512610368476e-05,0.0052000000000000015,0.0014468555744755773,100
180.0,108.5,0.00011428571428571428,8.040302522073694e-05,0.004914285714285715,0.0013438545925602092,100
180.0,110.83333333333334,8.571428571428571e-05,6.362900095817532e-05,0.004285714285714285,0.0010460436797388845,100
180.0,113.16666666666667,0.0,0.0,0.0044,0.0010499148398287355,100
180.0,115.5,8.571428571428571e-05,4.8984745142218657e-05,0.004285714285714286,0.0011087999050492518,100
180.0,117.83333333333334,0.0,0.0,0.003599999999999998,0.0011526420941277587,100
180.0,120.16666666666669,0.0,0.0,0.003628571428571428,0.0010789146840623994,100
180.0,122.5,0.0,0.0,0.0030857142857142862,0.0008668807118773757,100
180.0,124.83333333333334,8.571428571428571e-05,6.362900095817532e-05,0.0030000000000000005,0.000858944715043005,100
180.0,127.16666666666669,0.0,0.0,0.0026,0.0007128065492576546,100
180.0,129.5,5.714285714285714e-05,4.020151261036847e-05,0.0019428571428571429,0.0005595887408211897,100
180.0,131.83333333333334,5.714285714285714e-05,4.020151261036847e-05,0.0028000000000000004,0.0009880589885386366,100
180.0,134.16666666666669,8.571428571428571e-05,6.362900095817532e-05,0.0022285714285714287,0.0007372415115701158,100
180.0,136.5,8.571428571428571e-05,6.362900095817532e-05,0.0024,0.0010422689044491409,100
180.0,138.83333333333334,0.00014285714285714287,0.00010253436608075332,0.002371428571428571,0.0010972539325687656,100
180.0,141.16666666666669,8.571428571428571e-05,4.898474514221867e-05,0.001657142857142857,0.000725516328911211,100
180.0,143.5,2.857142857142857e-05,2.8571428571428574e-05,0.001514285714285714,0.0006284074297404834,100
180.0,145.83333333333334,0.00014285714285714287,8.494119857293759e-05,0.001057142857142857,0.0004934616824798667,100
180.0,148.16666666666669,5.714285714285714e-05,5.7142857142857135e-05,0.0006571428571428572,0.00028959841827476174,100
180.0,150.5,8.571428571428571e-05,6.362900095817534e-05,0.0004857142857142857,0.0002633529422883197,100
180.0,152.83333333333334,2.857142857142857e-05,2.8571428571428567e-05,0.0004857142857142857,0.00035647556708976954,100
180.0,155.16666666666669,0.00011428571428571428,0.00011428571428571427,0.00037142857142857143,0.00028033904731079526,100
180.0,157.5,5.714285714285714e-05,4.020151261036847e-05,0.00014285714285714287,0.00010253436608075332,100
180.0,159.83333333333334,0.0,0.0,0.0,0.0,100
180.0,162.16666666666669,0.0,0.0,0.0,0.0,100
180.0,164.5,0.0,0.0,0.0,0.0,100
180.0,166.83333333333334,0.0,0.0,0.0,0.0,100
180.0,169.16666666666669,0.0,0.0,0.0,0.0,100
180.0,171.5,0.0,0.0,0.0,0.0,100
180.0,173.83333333333334,0.0,0.0,0.0,0.0,100
180.0,176.16666666666669,0.0,0.0,0.0,0.0,100
180.0,178.5,0.0,0.0,0.0,0.0,100
180.0,180.83333333333334,0.0,0.0,0.0,0.0,100
180.0,183.16666666666669,0.0,0.0,0.0,0.0,100
180.0,185.5,0.0,0.0,0.0,0.0,100
180.0,187.83333333333334,0.0,0.0,0.0,0.0,100
180.0,190.16666666666669,0.0,0.0,0.0,0.0,100
180.0,192.5,0.0,0.0,0.0,0.0,100
180.0,194.83333333333334,0.0,0.0,0.0,0.0,100
180.0,197.16666666666669,0.0,0.0,0.0,0.0,100
180.0,199.5,0.0,0.0,0.0,0.0,100
180.0,201.83333333333334,0.0,0.0,0.0,0.0,100
180.0,204.16666666666669,0.0,0.0,0.0,0.0,100
180.0,206.5,0.0,0.0,0.0,0.0,100
180.0,208.83333333333334,0.0,0.0,0.0,0.0,100
180.0,211.16666666666669,0.0,0.0,0.0,0.0,100
180.0,213.5,0.0,0.0,0.0,0.0,100
180.0,215.83333333333334,0.0,0.0,0.0,0.0,100
180.0,218.16666666666669,0.0,0.0,0.0,0.0,100
180.0,220.5,0.0,0.0,0.0,0.0,100
180.0,222.83333333333334,0.0,0.0,0.0,0.0,100
180.0,225.16666666666669,0.0,0.0,0.0,0.0,100
180.0,227.5,0.0,0.0,0.0,0.0,100
180.0,229.83333333333337,0.0,0.0,0.0,0.0,100
180.0,232.16666666666669,0.0,0.0,0.0,0.0,100
180.0,234.5,0.0,0.0,0.0,0.0,100
180.0,236.83333333333337,0.0,0.0,0.0,0.0,100
180.0,239.16666666666669,0.0,0.0,0.0,0.0,100
180.0,241.5,0.0,0.0,0.0,0.0,100
180.0,243.83333333333337,0.0,0.0,0.0,0.0,100
180.0,246.16666666666669,0.0,0.0,0.0,0.0,100
180.0,248.5,0.0,0.0,0.0,0.0,100
180.0,250.83333333333337,0.0,0.0,0.0,0.0,100
180.0,253.16666666666669,0.0,0.0,0.0,0.0,100
180.0,255.5,0.0,0.0,0.0,0.0,100
180.0,257.83333333333337,0.0,0.0,0.0,0.0,100
180.0,260.1666666666667,0.0,0.0,0.0,0.0,100
180.0,262.5,0.0,0.0,0.0,0.0,100
180.0,264.83333333333337,0.0,0.0,0.0,0.0,100
180.0,267.1666666666667,0.0,0.0,0.0,0.0,100
180.0,269.5,0.0,0.0,0.0,0.0,100
180.0,271.83333333333337,0.0,0.0,0.0,0.0,100
180.0,274.1666666666667,0.0,0.0,0.0,0.0,100
180.0,276.5,0.0,0.0,0.0,0.0,100
180.0,278.83333333333337,0.0,0.0,0.0,0.0,100
200.0,1.1666666666666667,0.0,0.0,0.014228571428571429,0.0015123922928031758,100
200.0,3.5,0.0,0.0,0.022285714285714287,0.002120275435913775,100
200.0,5.833333333333334,0.0,0.0,0.022885714285714287,0.0020895219153369187,100
200.0,8.166666666666668,0.0,0.0,0.02268571428571428,0.0020706228218427447,100
200.0,10.5,0.0,0.0,0.022571428571428572,0.0018067876328433936,100
200.0,12.833333333333334,0.0,0.0,0.023828571428571425,0.002184339229259211,100
200.0,15.166666666666668,0.0,0.0,0.020799999999999996,0.002366564318777834,100
200.0,17.5,0.0,0.0,0.020685714285714286,0.0023094439223921613,100
200.0,19.833333333333336,0.0,0.0,0.02137142857142858,0.0023167019257604336,100
200.0,22.166666666666668,0.0,0.0,0.02368571428571429,0.002785033771913516,100
200.0,24.5,0.0,0.0,0.021628571428571428,0.002428530684659495,100
200.0,26.833333333333336,0.0,0.0,0.018542857142857142,0.002061313313091161,100
200.0,29.166666666666668,0.0,0.0,0.017485714285714285,0.0024380275964642852,100
200.0,31.500000000000004,2.857142857142857e-05,2.8571428571428567e-05,0.019514285714285717,0.002887016979119482,100
200.0,33.833333333333336,2.857142857142857e-05,2.8571428571428567e-05,0.01677142857142857,0.002249223508332367,100
200.0,36.16666666666667,2.857142857142857e-05,2.8571428571428567e-05,0.01691428571428571,0.0022014331644945634,100
200.0,38.5,0.0,0.0,0.018,0.00244384468195499,100
200.0,40.833333333333336,0.0,0.0,0.0166,0.002297119812078844,100
200.0,43.16666666666667,2.857142857142857e-05,2.8571428571428567e-05,0.014371428571428573,0.0020098520484473762,100
200.0,45.5,0.0,0.0,0.01631428571428571,0.0023763748204265428,100
200.0,47.833333333333336,0.0,0.0,0.01568571428571429,0.0023646175595315143,100
200.0,50.16666666666667,0.0,0.0,0.013999999999999999,0.0024529377756456537,100
200.0,52.5,2.857142857142857e-05,2.8571428571428567e-05,0.014400000000000001,0.0026027972837445465,100
200.0,54.833333333333336,2.857142857142857e-05,2.8571428571428567e-05,0.012600000000000002,0.0020260496896367932,100
200.0,57.16666666666667,0.0,0.0,0.012657142857142858,0.001908332151836153,100
200.0,59.5,5.714285714285714e-05,4.0201512610368476e-05,0.013257142857142858,0.002265247473059679,100
200.0,61.83333333333334,0.0,0.0,0.011114285714285714,0.0016609773023270363,100
200.0,64.16666666666667,2.857142857142857e-05,2.8571428571428567e-05,0.010457142857142856,0.001598917382648896,100
200.0,66.5,0.0,0.0,0.00942857142857143,0.001567290892628114,100
200.0,68.83333333333334,8.571428571428571e-05,8.57142857142857e-05,0.009885714285714286,0.0015619786699861337,100
200.0,71.16666666666667,0.0,0.0,0.010314285714285713,0.0017113466869670788,100
200.0,73.5,0.0,0.0,0.010371428571428571,0.0019363846860690661,100
200.0,75.83333333333334,8.571428571428571e-05,8.57142857142857e-05,0.009342857142857142,0.0016743077777801505,100
200.0,78.16666666666667,5.714285714285714e-05,5.7142857142857135e-05,0.011828571428571428,0.002416196294829415,100
200.0,80.5,0.0,0.0,0.010885714285714285,0.0023422640293834602,100
200.0,82.83333333333334,2.857142857142857e-05,2.8571428571428567e-05,0.011200000000000002,0.0022400488848215864,100
200.0,85.16666666666667,0.0,0.0,0.011542857142857143,0.0023072291899018413,100
200.0,87.5,0.0,0.0,0.010485714285714286,0.0021187406752743595,100
200.0,89.83333333333334,5.714285714285714e-05,4.020151261036847e-05,0.010742857142857143,0.0025700236662376556,100
200.0,92.16666666666667,0.0,0.0,0.0096,0.0020930803529350004,100
200.0,94.5,2.857142857142857e-05,2.8571428571428567e-05,0.008685714285714286,0.0017103948148288102,100
200.0,96.83333333333334,2.857142857142857e-05,2.8571428571428574e-05,0.007514285714285713,0.0017280138153474775,100
200.0,99.16666666666667,2.857142857142857e-05,2.8571428571428574e-05,0.00637142857142857,0.0014281990856754023,100
200.0,101.5,0.0,0.0,0.005600000000000001,0.001354756769290094,100
200.0,103.83333333333334,8.571428571428571e-05,4.8984745142218657e-05,0.005942857142857143,0.0016171009432715533,100
200.0,106.16666666666667,0.0,0.0,0.005600000000000001,0.001535088130344359,100
200.0,108.5,0.0,0.0,0.005314285714285713,0.0014647764285275707,100
200.0,110.83333333333334,0.0,0.0,0.004657142857142856,0.0011519515496350784,100
200.0,113.16666666666667,0.0,0.0,0.005,0.0011800408435712693,100
200.0,115.5,8.571428571428571e-05,4.8984745142218657e-05,0.004942857142857143,0.0012456347195157163,100
200.0,117.83333333333334,5.714285714285714e-05,4.020151261036847e-05,0.004685714285714284,0.0013336548777405073,100
200.0,120.16666666666669,5.714285714285714e-05,4.020151261036847e-05,0.004571428571428572,0.0012988744473319863,100
200.0,122.5,0.00011428571428571428,5.627039587626639e-05,0.004628571428571429,0.0012789013012917303,100
200.0,124.83333333333334,5.714285714285714e-05,4.020151261036847e-05,0.0044571428571428574,0.0012319661813647268,100
200.0,127.16666666666669,2.857142857142857e-05,2.8571428571428574e-05,0.003514285714285714,0.0009321266163242143,100
200.0,129.5,2.857142857142857e-05,2.8571428571428574e-05,0.0028857142857142857,0.0007482488317144426,100
200.0,131.83333333333334,2.857142857142857e-05,2.8571428571428574e-05,0.0034285714285714284,0.0011571971911067441,100
200.0,134.16666666666669,0.0,0.0,0.002485714285714286,0.0007647727406735578,100
200.0,136.5,2.857142857142857e-05,2.8571428571428574e-05,0.0031142857142857144,0.0011868134129245024,100
200.0,138.83333333333334,5.714285714285714e-05,4.020151261036847e-05,0.004257142857142857,0.0018936885919282873,100
200.0,141.16666666666669,5.714285714285714e-05,4.020151261036847e-05,0.003914285714285715,0.0013503276895254553,100
200.0,143.5,5.714285714285714e-05,4.020151261036847e-05,0.0029714285714285715,0.0009600728344527479,100
200.0,145.83333333333334,0.0,0.0,0.003285714285714286,0.0011380671626162657,100
200.0,148.16666666666669,0.00011428571428571428,6.939381786844633e-05,0.002485714285714286,0.0009381227059946812,100
200.0,150.5,2.857142857142857e-05,2.8571428571428574e-05,0.0024571428571428574,0.001073678253847489,100
200.0,152.83333333333334,5.714285714285714e-05,4.020151261036847e-05,0.0019428571428571429,0.000862302890517506,100
200.0,155.16666666666669,0.00011428571428571428,6.939381786844633e-05,0.0014000000000000002,0.0007515475684751366,100
200.0,157.5,5.714285714285714e-05,5.7142857142857135e-05,0.0010857142857142858,0.0006353562719050004,100
200.0,159.83333333333334,0.0,0.0,0.0009428571428571427,0.0006212813512564889,100
200.0,162.16666666666669,0.00011428571428571428,0.00011428571428571427,0.0012285714285714287,0.0009244876343715789,100
200.0,164.5,0.00011428571428571428,6.939381786844631e-05,0.0007142857142857143,0.00047423842320602744,100
200.0,166.83333333333334,5.714285714285714e-05,5.7142857142857135e-05,0.0004857142857142857,0.00030404406802293993,100
200.0,169.16666666666669,8.571428571428571e-05,8.57142857142857e-05,0.0002,0.0001421628148446409,100
200.0,171.5,0.0,0.0,8.571428571428571e-05,8.571428571428569e-05,100
200.0,173.83333333333334,0.0,0.0,8.571428571428571e-05,8.571428571428569e-05,100
200.0,176.16666666666669,2.857142857142857e-05,2.8571428571428567e-05,0.0,0.0,100
200.0,178.5,0.0,0.0,0.0,0.0,100
200.0,180.83333333333334,0.0,0.0,0.0,0.0,100
200.0,183.16666666666669,0.0,0.0,0.0,0.0,100
200.0,185.5,0.0,0.0,0.0,0.0,100
200.0,187.83333333333334,0.0,0.0,0.0,0.0,100
200.0,190.16666666666669,0.0,0.0,0.0,0.0,100
200.0,192.5,0.0,0.0,0.0,0.0,100
200.0,194.83333333333334,0.0,0.0,0.0,0.0,100
200.0,197.16666666666669,0.0,0.0,0.0,0.0,100
200.0,199.5,0.0,0.0,0.0,0.0,100
200.0,201.83333333333334,0.0,0.0,0.0,0.0,100
200.0,204.16666666666669,0.0,0.0,0.0,0.0,100
200.0,206.5,0.0,0.0,0.0,0.0,100
200.0,208.83333333333334,0.0,0.0,0.0,0.0,100
200.0,211.16666666666669,0.0,0.0,0.0,0.0,100
200.0,213.5,0.0,0.0,0.0,0.0,100
200.0,215.83333333333334,0.0,0.0,0.0,0.0,100
200.0,218.16666666666669,0.0,0.0,0.0,0.0,100
200.0,220.5,0.0,0.0,0.0,0.0,100
200.0,222.83333333333334,0.0,0.0,0.0,0.0,100
200.0,225.16666666666669,0.0,0.0,0.0,0.0,100
200.0,227.5,0.0,0.0,0.0,0.0,100
200.0,229.83333333333337,0.0,0.0,0.0,0.0,100
200.0,232.16666666666669,0.0,0.0,0.0,0.0,100
200.0,234.5,0.0,0.0,0.0,0.0,100
200.0,236.83333333333337,0.0,0.0,0.0,0.0,100
200.0,239.16666666666669,0.0,0.0,0.0,0.0,100
200.0,241.5,0.0,0.0,0.0,0.0,100
200.0,243.83333333333337,0.0,0.0,0.0,0.0,100
200.0,246.16666666666669,0.0,0.0,0.0,0.0,100
200.0,248.5,0.0,0.0,0.0,0.0,100
200.0,250.83333333333337,0.0,0.0,0.0,0.0,100
200.0,253.16666666666669,0.0,0.0,0.0,0.0,100
200.0,255.5,0.0,0.0,0.0,0.0,100
200.0,257.83333333333337,0.0,0.0,0.0,0.0,100
200.0,260.1666666666667,0.0,0.0,0.0,0.0,100
200.0,262.5,0.0,0.0,0.0,0.0,100
200.0,264.83333333333337,0.0,0.0,0.0,0.0,100
200.0,267.1666666666667,0.0,0.0,0.0,0.0,100
200.0,269.5,0.0,0.0,0.0,0.0,100
200.0,271.83333333333337,0.0,0.0,0.0,0.0,100
200.0,274.1666666666667,0.0,0.0,0.0,0.0,100
200.0,276.5,0.0,0.0,0.0,0.0,100
200.0,278.83333333333337,0.0,0.0,0.0,0.0,100
220.0,1.1666666666666667,0.0,0.0,0.014228571428571429,0.0015123922928031758,100
220.0,3.5,0.0,0.0,0.022285714285714287,0.002120275435913775,100
220.0,5.833333333333334,0.0,0.0,0.022885714285714287,0.0020895219153369187,100
220.0,8.166666666666668,0.0,0.0,0.02268571428571428,0.0020706228218427447,100
220.0,10.5,0.0,0.0,0.022571428571428572,0.0018067876328433936,100
220.0,12.833333333333334,2.857142857142857e-05,2.8571428571428567e-05,0.023857142857142858,0.0021859071489668427,100
220.0,15.166666666666668,0.0,0.0,0.02091428571428571,0.002368932429926009,100
220.0,17.5,0.0,0.0,0.020742857142857143,0.0023085511407392235,100
220.0,19.833333333333336,0.0,0.0,0.021457142857142862,0.0023209744255517214,100
220.0,22.166666666666668,0.0,0.0,0.02377142857142857,0.00279141718395281,100
220.0,24.5,5.714285714285714e-05,4.020151261036847e-05,0.021742857142857144,0.0024375591266634355,100
220.0,26.833333333333336,0.0,0.0,0.018771428571428567,0.002054806674104586,100
220.0,29.166666666666668,0.0,0.0,0.018000000000000002,0.0024489005690542026,100
220.0,31.500000000000004,8.571428571428571e-05,8.57142857142857e-05,0.019771428571428572,0.002882622320204298,100
220.0,33.833333333333336,2.857142857142857e-05,2.8571428571428567e-05,0.01717142857142857,0.0022894972302913695,100
220.0,36.16666666666667,0.0,0.0,0.017228571428571426,0.002240702175187299,100
220.0,38.5,0.0,0.0,0.01817142857142857,0.002445200685104387,100
220.0,40.833333333333336,2.857142857142857e-05,2.8571428571428567e-05,0.01714285714285714,0.0023076151348961757,100
220.0,43.16666666666667,0.0,0.0,0.0148,0.0020208682471848332,100
220.0,45.5,0.0,0.0,0.01657142857142857,0.0023734948142933934,100
220.0,47.833333333333336,0.0,0.0,0.01602857142857143,0.0023647570405111997,100
220.0,50.16666666666667,0.0,0.0,0.014685714285714285,0.002477861573978252,100
220.0,52.5,0.0,0.0,0.01482857142857143,0.0026122130422196986,100
220.0,54.833333333333336,0.0,0.0,0.013171428571428574,0.0020940157788433542,100
220.0,57.16666666666667,0.0,0.0,0.012885714285714287,0.0019140444809342461,100
220.0,59.5,5.714285714285714e-05,5.7142857142857135e-05,0.013314285714285716,0.002272044259355621,100
220.0,61.83333333333334,0.0,0.0,0.011200000000000002,0.0016913716304131875,100
220.0,64.16666666666667,5.714285714285714e-05,5.7142857142857135e-05,0.010657142857142856,0.0016519972856975807,100
220.0,66.5,0.0,0.0,0.009628571428571433,0.001616068050270321,100
220.0,68.83333333333334,5.714285714285714e-05,5.7142857142857135e-05,0.010514285714285716,0.0017404828527478034,100
220.0,71.16666666666667,0.0,0.0,0.010714285714285711,0.0017675118455326186,100
220.0,73.5,2.857142857142857e-05,2.8571428571428567e-05,0.0108,0.001994252719309286,100
220.0,75.83333333333334,0.0,0.0,0.010057142857142858,0.001823134051443298,100
220.0,78.16666666666667,2.857142857142857e-05,2.8571428571428567e-05,0.012285714285714287,0.0025284201942365045,100
220.0,80.5,0.0,0.0,0.01122857142857143,0.0023974338648356003,100
220.0,82.83333333333334,0.0,0.0,0.0114,0.0022815600777480157,100
220.0,85.16666666666667,0.0,0.0,0.011657142857142857,0.0023270717291062797,100
220.0,87.5,0.0,0.0,0.010599999999999998,0.0021760469607019907,100
220.0,89.83333333333334,2.857142857142857e-05,2.8571428571428567e-05,0.011485714285714287,0.0029258633169113655,100
220.0,92.16666666666667,2.857142857142857e-05,2.8571428571428574e-05,0.009685714285714284,0.002119067561557991,100
220.0,94.5,8.571428571428571e-05,6.362900095817534e-05,0.0098,0.0020866628928621275,100
220.0,96.83333333333334,0.0,0.0,0.007828571428571428,0.0017483956187729316,100
220.0,99.16666666666667,2.857142857142857e-05,2.8571428571428567e-05,0.006799999999999997,0.001489206684501892,100
220.0,101.5,5.714285714285714e-05,5.714285714285715e-05,0.006485714285714286,0.0015019289459384225,100
220.0,103.83333333333334,0.0,0.0,0.0067428571428571425,0.001768045925466254,100
220.0,106.16666666666667,0.0,0.0,0.006457142857142858,0.0016463799359273169,100
220.0,108.5,2.857142857142857e-05,2.8571428571428567e-05,0.006342857142857143,0.0015845991424909371,100
220.0,110.83333333333334,8.571428571428571e-05,6.362900095817531e-05,0.005542857142857143,0.001285358296074992,100
220.0,113.16666666666667,0.00011428571428571428,9.007658392131569e-05,0.006485714285714286,0.001534515959195258,100
220.0,115.5,2.857142857142857e-05,2.8571428571428574e-05,0.005857142857142858,0.0014491305619900752,100
220.0,117.83333333333334,2.857142857142857e-05,2.8571428571428574e-05,0.005228571428571429,0.0014472402101699628,100
220.0,120.16666666666669,0.0,0.0,0.005085714285714285,0.0013976922405371955,100
220.0,122.5,2.857142857142857e-05,2.8571428571428567e-05,0.005457142857142858,0.0014346738349097772,100
220.0,124.83333333333334,0.0,0.0,0.005,0.0013922511354197238,100
220.0,127.16666666666669,2.857142857142857e-05,2.8571428571428567e-05,0.004114285714285715,0.001106432532921568,100
220.0,129.5,2.857142857142857e-05,2.8571428571428567e-05,0.003142857142857143,0.0008317548439219028,100
220.0,131.83333333333334,5.714285714285714e-05,5.7142857142857135e-05,0.003885714285714286,0.001226062070358209,100
220.0,134.16666666666669,8.571428571428571e-05,6.362900095817534e-05,0.0034571428571428574,0.001009781066625308,100
220.0,136.5,0.0,0.0,0.0037142857142857142,0.0013099369674881315,100
220.0,138.83333333333334,0.0,0.0,0.0047714285714285706,0.0021171833815323833,100
220.0,141.16666666666669,0.00011428571428571428,6.939381786844631e-05,0.0048,0.0017682138124616282,100
220.0,143.5,0.0,0.0,0.0036857142857142857,0.001239290132690037,100
220.0,145.83333333333334,2.857142857142857e-05,2.8571428571428574e-05,0.0036571428571428566,0.0011944211692276187,100
220.0,148.16666666666669,0.0,0.0,0.0031714285714285716,0.0012423470117933284,100
220.0,150.5,0.0,0.0,0.0032857142857142863,0.0013016488916551116,100
220.0,152.83333333333334,0.00011428571428571428,6.939381786844633e-05,0.0025428571428571436,0.0009617675955520913,100
220.0,155.16666666666669,0.0,0.0,0.0023142857142857145,0.0009023161292094585,100
220.0,157.5,2.857142857142857e-05,2.8571428571428574e-05,0.0021714285714285715,0.0009045294757271798,100
220.0,159.83333333333334,0.0,0.0,0.0016285714285714287,0.0006786249694074612,100
220.0,162.16666666666669,0.0,0.0,0.0023142857142857145,0.0011647930887501365,100
220.0,164.5,5.714285714285714e-05,5.714285714285715e-05,0.0018857142857142872,0.0008635833072919328,100
220.0,166.83333333333334,8.571428571428571e-05,4.8984745142218657e-05,0.0021142857142857144,0.000992754622173805,100
220.0,169.16666666666669,2.857142857142857e-05,2.8571428571428574e-05,0.0014285714285714286,0.0007292798525104576,100
220.0,171.5,5.714285714285714e-05,4.0201512610368476e-05,0.0014285714285714286,0.0007890196772726771,100
220.0,173.83333333333334,5.714285714285714e-05,4.020151261036847e-05,0.0007428571428571429,0.0003436738709013255,100
220.0,176.16666666666669,5.714285714285714e-05,5.7142857142857135e-05,0.00022857142857142857,0.00013878763573689265,100
220.0,178.5,2.857142857142857e-05,2.8571428571428574e-05,0.00025714285714285715,0.00019088700287452594,100
220.0,180.83333333333334,0.0,0.0,5.714285714285714e-05,5.7142857142857135e-05,100
220.0,183.16666666666669,0.0,0.0,8.571428571428571e-05,8.571428571428569e-05,100
220.0,185.5,0.0,0.0,5.714285714285714e-05,5.7142857142857135e-05,100
220.0,187.83333333333334,0.0,0.0,0.00011428571428571428,0.00011428571428571427,100
220.0,190.16666666666669,0.0,0.0,8.571428571428571e-05,8.571428571428569e-05,100
220.0,192.5,2.857142857142857e-05,2.8571428571428567e-05,2.857142857142857e-05,2.8571428571428567e-05,100
220.0,194.83333333333334,0.0,0.0,0.0,0.0,100
220.0,197.16666666666669,0.0,0.0,0.0,0.0,100
220.0,199.5,0.0,0.0,0.0,0.0,100
220.0,201.83333333333334,0.0,0.0,0.0,0.0,100
220.0,204.16666666666669,0.0,0.0,0.0,0.0,100
220.0,206.5,0.0,0.0,0.0,0.0,100
220.0,208.83333333333334,0.0,0.0,0.0,0.0,100
220.0,211.16666666666669,0.0,0.0,0.0,0.0,100
220.0,213.5,0.0,0.0,0.0,0.0,100
220.0,215.83333333333334,0.0,0.0,0.0,0.0,100
220.0,218.16666666666669,0.0,0.0,0.0,0.0,100
220.0,220.5,0.0,0.0,0.0,0.0,100
220.0,222.83333333333334,0.0,0.0,0.0,0.0,100
220.0,225.16666666666669,0.0,0.0,0.0,0.0,100
220.0,227.5,0.0,0.0,0.0,0.0,100
220.0,229.83333333333337,0.0,0.0,0.0,0.0,100
220.0,232.16666666666669,0.0,0.0,0.0,0.0,100
220.0,234.5,0.0,0.0,0.0,0.0,100
220.0,236.83333333333337,0.0,0.0,0.0,0.0,100
220.0,239.16666666666669,0.0,0.0,0.0,0.0,100
220.0,241.5,0.0,0.0,0.0,0.0,100
220.0,243.83333333333337,0.0,0.0,0.0,0.0,100
220.0,246.16666666666669,0.0,0.0,0.0,0.0,100
220.0,248.5,0.0,0.0,0.0,0.0,100
220.0,250.83333333333337,0.0,0.0,0.0,0.0,100
220.0,253.16666666666669,0.0,0.0,0.0,0.0,100
220.0,255.5,0.0,0.0,0.0,0.0,100
220.0,257.83333333333337,0.0,0.0,0.0,0.0,100
220.0,260.1666666666667,0.0,0.0,0.0,0.0,100
220.0,262.5,0.0,0.0,0.0,0.0,100
220.0,264.83333333333337,0.0,0.0,0.0,0.0,100
220.0,267.1666666666667,0.0,0.0,0.0,0.0,100
220.0,269.5,0.0,0.0,0.0,0.0,100
220.0,271.83333333333337,0.0,0.0,0.0,0.0,100
220.0,274.1666666666667,0.0,0.0,0.0,0.0,100
220.0,276.5,0.0,0.0,0.0,0.0,100
220.0,278.83333333333337,0.0,0.0,0.0,0.0,100
240.0,1.1666666666666667,0.0,0.0,0.014314285714285717,0.0015099450434435517,100
240.0,3.5,0.0,0.0,0.022342857142857143,0.00212741138479724,100
240.0,5.833333333333334,0.0,0.0,0.022971428571428573,0.002094813022603729,100
240.0,8.166666666666668,0.0,0.0,0.02274285714285714,0.002080197887927381,100
240.0,10.5,0.0,0.0,0.02265714285714285,0.0018116892943771997,100
240.0,12.833333333333334,0.0,0.0,0.02391428571428571,0.002190158079668057,100
240.0,15.166666666666668,0.0,0.0,0.02091428571428571,0.002368932429926009,100
240.0,17.5,0.0,0.0,0.0208,0.0023054987910048176,100
240.0,19.833333333333336,0.0,0.0,0.02162857142857143,0.0023194675922199224,100
240.0,22.166666666666668,0.0,0.0,0.024,0.002803537536214839,100
240.0,24.5,0.0,0.0,0.022000000000000002,0.0024526015955884804,100
240.0,26.833333333333336,0.0,0.0,0.01894285714285714,0.002066969874220688,100
240.0,29.166666666666668,2.857142857142857e-05,2.8571428571428567e-05,0.018542857142857142,0.002468684928714562,100
240.0,31.500000000000004,0.0,0.0,0.02,0.002889285290660414,100
240.0,33.833333333333336,0.0,0.0,0.017314285714285713,0.0022939318371633984,100
240.0,36.16666666666667,0.0,0.0,0.017314285714285713,0.002238995858214671,100
240.0,38.5,0.0,0.0,0.018257142857142857,0.002452398184279391,100
240.0,40.833333333333336,2.857142857142857e-05,2.8571428571428567e-05,0.0172,0.002309750959508296,100
240.0,43.16666666666667,0.0,0.0,0.014885714285714287,0.002029790500109602,100
240.0,45.5,2.857142857142857e-05,2.8571428571428567e-05,0.016657142857142856,0.002386333313508008,100
240.0,47.833333333333336,0.0,0.0,0.016200000000000003,0.0023842591755344864,100
240.0,50.16666666666667,0.0,0.0,0.014857142857142855,0.002492454082863814,100
240.0,52.5,0.0,0.0,0.014971428571428571,0.002627140585532752,100
240.0,54.833333333333336,0.0,0.0,0.013314285714285716,0.0021234697765640637,100
240.0,57.16666666666667,0.0,0.0,0.01302857142857143,0.0019379447275550295,100
240.0,59.5,0.0,0.0,0.013428571428571432,0.0022905792382611977,100
240.0,61.83333333333334,0.0,0.0,0.011285714285714286,0.0017009461758732678,100
240.0,64.16666666666667,0.0,0.0,0.010685714285714284,0.0016553705006847285,100
240.0,66.5,0.0,0.0,0.009628571428571433,0.001616068050270321,100
240.0,68.83333333333334,0.0,0.0,0.010542857142857142,0.001747015595827207,100
240.0,71.16666666666667,0.0,0.0,0.010857142857142857,0.0018038187577761155,100
240.0,73.5,0.0,0.0,0.011085714285714286,0.0020620272300992007,100
240.0,75.83333333333334,0.0,0.0,0.010114285714285716,0.0018307796911339615,100
240.0,78.16666666666667,0.0,0.0,0.012371428571428571,0.002539339623313793,100
240.0,80.5,0.0,0.0,0.01122857142857143,0.0023974338648356003,100
240.0,82.83333333333334,0.0,0.0,0.0114,0.0022815600777480157,100
240.0,85.16666666666667,0.0,0.0,0.011657142857142859,0.00232707172910628,100
240.0,87.5,5.714285714285714e-05,5.714285714285715e-05,0.010657142857142858,0.0021777742018237443,100
240.0,89.83333333333334,0.0,0.0,0.011685714285714285,0.002949473502066757,100
240.0,92.16666666666667,0.0,0.0,0.010685714285714284,0.0022920618931693685,100
240.0,94.5,0.0,0.0,0.010285714285714285,0.0023314330984875254,100
240.0,96.83333333333334,5.714285714285714e-05,5.714285714285715e-05,0.008057142857142856,0.001759096861661541,100
240.0,99.16666666666667,0.0,0.0,0.006885714285714284,0.001501511641254546,100
240.0,101.5,5.714285714285714e-05,5.7142857142857135e-05,0.006885714285714286,0.0016168026197385902,100
240.0,103.83333333333334,0.0,0.0,0.006914285714285715,0.0018020716908300149,100
240.0,106.16666666666667,0.0,0.0,0.006742857142857144,0.0016922684237608797,100
240.0,108.5,0.0,0.0,0.006571428571428573,0.0016307193248344038,100
240.0,110.83333333333334,0.0,0.0,0.006228571428571428,0.0015071491830837744,100
240.0,113.16666666666667,5.714285714285714e-05,5.714285714285715e-05,0.007314285714285715,0.001758599919120554,100
240.0,115.5,0.0,0.0,0.006342857142857142,0.0015192464145456022,100
240.0,117.83333333333334,2.857142857142857e-05,2.8571428571428567e-05,0.005828571428571429,0.0015685635695821339,100
240.0,120.16666666666669,0.0,0.0,0.0061428571428571435,0.0015677511739935102,100
240.0,122.5,0.0,0.0,0.0061428571428571435,0.0015771900153980182,100
240.0,124.83333333333334,2.857142857142857e-05,2.8571428571428567e-05,0.0054285714285714284,0.0014377769780571708,100
240.0,127.16666666666669,2.857142857142857e-05,2.8571428571428567e-05,0.004400000000000001,0.001135924136819603,100
240.0,129.5,5.714285714285714e-05,4.020151261036847e-05,0.0036571428571428575,0.0008990065292539932,100
240.0,131.83333333333334,0.0,0.0,0.004571428571428572,0.0013711399407673871,100
240.0,134.16666666666669,8.571428571428571e-05,6.362900095817534e-05,0.004685714285714286,0.0014729163523130406,100
240.0,136.5,0.0,0.0,0.004314285714285715,0.0013982319430198762,100
240.0,138.83333333333334,5.714285714285714e-05,5.714285714285715e-05,0.005257142857142858,0.0021594719038040074,100
240.0,141.16666666666669,2.857142857142857e-05,2.8571428571428567e-05,0.005857142857142858,0.002138234552292715,100
240.0,143.5,0.0,0.0,0.004228571428571429,0.0014348950948447933,100
240.0,145.83333333333334,8.571428571428571e-05,6.362900095817534e-05,0.004142857142857143,0.0013310896397096949,100
240.0,148.16666666666669,2.857142857142857e-05,2.8571428571428567e-05,0.0034571428571428574,0.0012907836569230305,100
240.0,150.5,0.0,0.0,0.0035714285714285713,0.0013767663080254536,100
240.0,152.83333333333334,2.857142857142857e-05,2.8571428571428574e-05,0.0031142857142857144,0.0010844338161967227,100
240.0,155.16666666666669,5.714285714285714e-05,5.714285714285715e-05,0.0026857142857142856,0.0009530906446677595,100
240.0,157.5,5.714285714285714e-05,5.714285714285715e-05,0.0025428571428571436,0.0009470804882623048,100
240.0,159.83333333333334,2.857142857142857e-05,2.8571428571428574e-05,0.0022,0.0007925180950250118,100
240.0,162.16666666666669,0.0,0.0,0.0033142857142857145,0.00135097787102467,100
240.0,164.5,5.714285714285714e-05,4.0201512610368476e-05,0.0030000000000000014,0.0010747183740827241,100
240.0,166.83333333333334,2.857142857142857e-05,2.8571428571428567e-05,0.003,0.0013142574813455416,100
240.0,169.16666666666669,5.714285714285714e-05,4.0201512610368476e-05,0.0024571428571428574,0.0010675166681296802,100
240.0,171.5,5.714285714285714e-05,5.714285714285715e-05,0.002142857142857143,0.000976639111352783,100
240.0,173.83333333333334,2.857142857142857e-05,2.8571428571428574e-05,0.0012571428571428573,0.0004912258382454725,100
240.0,176.16666666666669,0.0,0.0,0.0012000000000000001,0.0005107461972492162,100
240.0,178.5,0.0,0.0,0.0013714285714285714,0.0006478227334387149,100
240.0,180.83333333333334,5.714285714285714e-05,5.7142857142857135e-05,0.0008571428571428571,0.000359802506583206,100
240.0,183.16666666666669,0.0,0.0,0.0006285714285714286,0.00027416784384128284,100
240.0,185.5,5.714285714285714e-05,4.020151261036847e-05,0.00045714285714285713,0.00021380899352993954,100
240.0,187.83333333333334,0.00017142857142857143,0.00012060453783110542,0.0005428571428571429,0.0003266365010746058,100
240.0,190.16666666666669,2.857142857142857e-05,2.8571428571428567e-05,0.00022857142857142857,0.00022857142857142854,100
240.0,192.5,2.857142857142857e-05,2.8571428571428567e-05,0.0005428571428571429,0.0005428571428571428,100
240.0,194.83333333333334,0.0,0.0,0.00014285714285714284,0.00014285714285714284,100
240.0,197.16666666666669,0.0,0.0,0.0,0.0,100
240.0,199.5,0.0,0.0,0.0,0.0,100
240.0,201.83333333333334,0.0,0.0,0.0,0.0,100
240.0,204.16666666666669,0.0,0.0,0.0,0.0,100
240.0,206.5,0.0,0.0,0.0,0.0,100
240.0,208.83333333333334,0.0,0.0,0.0,0.0,100
240.0,211.16666666666669,0.0,0.0,0.0,0.0,100
240.0,213.5,0.0,0.0,0.0,0.0,100
240.0,215.83333333333334,0.0,0.0,0.0,0.0,100
240.0,218.16666666666669,0.0,0.0,0.0,0.0,100
240.0,220.5,0.0,0.0,0.0,0.0,100
240.0,222.83333333333334,0.0,0.0,0.0,0.0,100
240.0,225.16666666666669,0.0,0.0,0.0,0.0,100
240.0,227.5,0.0,0.0,0.0,0.0,100
240.0,229.83333333333337,0.0,0.0,0.0,0.0,100
240.0,232.16666666666669,0.0,0.0,0.0,0.0,100
240.0,234.5,0.0,0.0,0.0,0.0,100
240.0,236.83333333333337,0.0,0.0,0.0,0.0,100
240.0,239.16666666666669,0.0,0.0,0.0,0.0,100
240.0,241.5,0.0,0.0,0.0,0.0,100
240.0,243.83333333333337,0.0,0.0,0.0,0.0,100
240.0,246.16666666666669,0.0,0.0,0.0,0.0,100
240.0,248.5,0.0,0.0,0.0,0.0,100
240.0,250.83333333333337,0.0,0.0,0.0,0.0,100
240.0,253.16666666666669,0.0,0.0,0.0,0.0,100
240.0,255.5,0.0,0.0,0.0,0.0,100
240.0,257.83333333333337,0.0,0.0,0.0,0.0,100
240.0,260.1666666666667,0.0,0.0,0.0,0.0,100
240.0,262.5,0.0,0.0,0.0,0.0,100
240.0,264.83333333333337,0.0,0.0,0.0,0.0,100
240.0,267.1666666666667,0.0,0.0,0.0,0.0,100
240.0,269.5,0.0,0.0,0.0,0.0,100
240.0,271.83333333333337,0.0,0.0,0.0,0.0,100
240.0,274.1666666666667,0.0,0.0,0.0,0.0,100
240.0,276.5,0.0,0.0,0.0,0.0,100
240.0,278.83333333333337,0.0,0.0,0.0,0.0,100
260.0,1.1666666666666667,0.0,0.0,0.014314285714285717,0.0015099450434435517,100
260.0,3.5,0.0,0.0,0.022342857142857143,0.00212741138479724,100
260.0,5.833333333333334,0.0,0.0,0.022971428571428573,0.002094813022603729,100
260.0,8.166666666666668,0.0,0.0,0.02274285714285714,0.002080197887927381,100
260.0,10.5,0.0,0.0,0.02265714285714285,0.0018116892943771997,100
260.0,12.833333333333334,0.0,0.0,0.02391428571428571,0.002190158079668057,100
260.0,15.166666666666668,0.0,0.0,0.02091428571428571,0.002368932429926009,100
260.0,17.5,0.0,0.0,0.0208,0.0023054987910048176,100
260.0,19.833333333333336,0.0,0.0,0.02162857142857143,0.0023194675922199224,100
260.0,22.166666666666668,2.857142857142857e-05,2.8571428571428567e-05,0.024028571428571427,0.002807092645384031,100
260.0,24.5,0.0,0.0,0.022057142857142855,0.0024621915312730753,100
260.0,26.833333333333336,5.714285714285714e-05,4.020151261036847e-05,0.019314285714285714,0.0021156502753065442,100
260.0,29.166666666666668,0.0,0.0,0.019,0.002509392785953409,100
260.0,31.500000000000004,0.0,0.0,0.020457142857142858,0.0029153437232929003,100
260.0,33.833333333333336,5.714285714285714e-05,5.7142857142857135e-05,0.01822857142857143,0.002479112495055765,100
260.0,36.16666666666667,0.0,0.0,0.017571428571428568,0.002267741387326574,100
260.0,38.5,0.0,0.0,0.018457142857142853,0.0024726648227165558,100
260.0,40.833333333333336,0.0,0.0,0.017285714285714286,0.0023177320997405633,100
260.0,43.16666666666667,0.0,0.0,0.014971428571428573,0.002033777844089531,100
260.0,45.5,0.0,0.0,0.016685714285714286,0.0023862175549912673,100
260.0,47.833333333333336,0.0,0.0,0.016200000000000003,0.0023842591755344864,100
260.0,50.16666666666667,0.0,0.0,0.014857142857142855,0.002492454082863814,100
260.0,52.5,0.0,0.0,0.014971428571428571,0.002627140585532752,100
260.0,54.833333333333336,0.0,0.0,0.013314285714285716,0.0021234697765640637,100
260.0,57.16666666666667,0.0,0.0,0.01302857142857143,0.0019379447275550295,100
260.0,59.5,0.0,0.0,0.013428571428571432,0.0022905792382611977,100
260.0,61.83333333333334,0.0,0.0,0.011285714285714286,0.0017009461758732678,100
260.0,64.16666666666667,0.0,0.0,0.010685714285714284,0.0016553705006847285,100
260.0,66.5,0.0,0.0,0.009628571428571433,0.001616068050270321,100
260.0,68.83333333333334,0.0,0.0,0.010542857142857142,0.001747015595827207,100
260.0,71.16666666666667,0.0,0.0,0.010857142857142857,0.0018038187577761153,100
260.0,73.5,0.0,0.0,0.011085714285714286,0.0020620272300992007,100
260.0,75.83333333333334,0.0,0.0,0.010114285714285716,0.0018307796911339615,100
260.0,78.16666666666667,0.0,0.0,0.012371428571428571,0.002539339623313793,100
260.0,80.5,0.0,0.0,0.01122857142857143,0.0023974338648356003,100
260.0,82.83333333333334,0.0,0.0,0.0114,0.0022815600777480157,100
260.0,85.16666666666667,0.0,0.0,0.011657142857142859,0.00232707172910628,100
260.0,87.5,0.0,0.0,0.010742857142857143,0.002183168688056705,100
260.0,89.83333333333334,0.0,0.0,0.012,0.00298474096413145,100
260.0,92.16666666666667,5.714285714285714e-05,5.714285714285715e-05,0.011114285714285712,0.0024239902466240896,100
260.0,94.5,0.0,0.0,0.010628571428571426,0.002369350086197201,100
260.0,96.83333333333334,0.0,0.0,0.008285714285714287,0.0017856709951462554,100
260.0,99.16666666666667,0.0,0.0,0.0070285714285714266,0.0015353566817444347,100
260.0,101.5,0.0,0.0,0.007085714285714286,0.001676583975849908,100
260.0,103.83333333333334,0.0,0.0,0.006971428571428572,0.0018126289147992868,100
260.0,106.16666666666667,0.0,0.0,0.006828571428571429,0.0017055549680141501,100
260.0,108.5,0.0,0.0,0.006628571428571429,0.0016404895418503048,100
260.0,110.83333333333334,0.0,0.0,0.006514285714285714,0.001611686858221255,100
260.0,113.16666666666667,0.0,0.0,0.0074857142857142865,0.0018475297876417204,100
260.0,115.5,5.714285714285714e-05,5.714285714285715e-05,0.006628571428571428,0.001586315422371529,100
260.0,117.83333333333334,0.0,0.0,0.006057142857142859,0.0016158767013341887,100
260.0,120.16666666666669,2.857142857142857e-05,2.8571428571428574e-05,0.006342857142857142,0.0016021939194731654,100
260.0,122.5,2.857142857142857e-05,2.8571428571428567e-05,0.006657142857142857,0.0016763749406566281,100
260.0,124.83333333333334,0.0,0.0,0.006,0.0016317303102537956,100
260.0,127.16666666666669,0.0,0.0,0.0048285714285714295,0.001197602910565764,100
260.0,129.5,5.714285714285714e-05,5.714285714285715e-05,0.004085714285714286,0.0009849454307453143,100
260.0,131.83333333333334,5.714285714285714e-05,4.020151261036847e-05,0.005971428571428572,0.0019648928616967432,100
260.0,134.16666666666669,2.857142857142857e-05,2.8571428571428567e-05,0.005371428571428571,0.0015880817707458073,100
260.0,136.5,0.0,0.0,0.004885714285714286,0.0014761457890177928,100
260.0,138.83333333333334,2.857142857142857e-05,2.8571428571428574e-05,0.006,0.0022278016948713867,100
260.0,141.16666666666669,0.0,0.0,0.006514285714285715,0.0021786164923307486,100
260.0,143.5,0.00014285714285714284,9.414962411658676e-05,0.004828571428571429,0.0014897132329372569,100
260.0,145.83333333333334,8.571428571428571e-05,6.362900095817534e-05,0.004571428571428571,0.0013554139515307205,100
260.0,148.16666666666669,2.857142857142857e-05,2.8571428571428574e-05,0.0038,0.0013184418882054405,100
260.0,150.5,0.0,0.0,0.004171428571428572,0.0014221616664082,100
260.0,152.83333333333334,5.714285714285714e-05,5.714285714285715e-05,0.0036571428571428575,0.001137853404000745,100
260.0,155.16666666666669,0.0,0.0,0.003828571428571429,0.0012518187140174806,100
260.0,157.5,2.857142857142857e-05,2.8571428571428574e-05,0.003914285714285712,0.0012852524423027831,100
260.0,159.83333333333334,8.571428571428571e-05,6.362900095817532e-05,0.00322857142857143,0.0011229544035512595,100
260.0,162.16666666666669,0.00011428571428571428,0.00011428571428571427,0.003857142857142857,0.0014705940557926216,100
260.0,164.5,0.0,0.0,0.003628571428571429,0.001293693374771728,100
260.0,166.83333333333334,5.714285714285714e-05,5.7142857142857135e-05,0.0033714285714285712,0.0014400004580956232,100
260.0,169.16666666666669,0.0,0.0,0.0029142857142857143,0.001127589212194508,100
260.0,171.5,5.714285714285714e-05,5.7142857142857135e-05,0.0026571428571428575,0.0010544875196448682,100
260.0,173.83333333333334,8.571428571428571e-05,8.571428571428571e-05,0.0016285714285714287,0.0005703525222068488,100
260.0,176.16666666666669,0.0,0.0,0.0014857142857142857,0.0005749960787870563,100
260.0,178.5,0.0,0.0,0.0016,0.0007268108201271968,100
260.0,180.83333333333334,2.857142857142857e-05,2.8571428571428567e-05,0.0012,0.00047040643049775423,100
260.0,183.16666666666669,0.0,0.0,0.0012,0.0004470384002207224,100
260.0,185.5,0.0,0.0,0.0013714285714285714,0.0005821221634261382,100
260.0,187.83333333333334,0.00011428571428571428,8.040302522073694e-05,0.002485714285714286,0.0010787618210634864,100
260.0,190.16666666666669,5.714285714285714e-05,4.020151261036847e-05,0.0010857142857142858,0.0005825469564797444,100
260.0,192.5,0.0,0.0,0.0013714285714285714,0.0007678125930900111,100
260.0,194.83333333333334,0.0,0.0,0.0004857142857142857,0.0002901673185741312,100
260.0,197.16666666666669,5.714285714285714e-05,5.7142857142857135e-05,0.00022857142857142857,0.00018015316784263138,100
260.0,199.5,0.0,0.0,0.00011428571428571428,0.00011428571428571427,100
260.0,201.83333333333334,0.0,0.0,0.00014285714285714284,0.00014285714285714287,100
260.0,204.16666666666669,5.714285714285714e-05,5.7142857142857135e-05,0.00011428571428571428,0.00011428571428571427,100
260.0,206.5,2.857142857142857e-05,2.8571428571428567e-05,5.714285714285714e-05,5.7142857142857135e-05,100
260.0,208.83333333333334,0.0,0.0,0.0,0.0,100
260.0,211.16666666666669,0.0,0.0,0.0,0.0,100
260.0,213.5,0.0,0.0,0.0,0.0,100
260.0,215.83333333333334,0.0,0.0,0.0,0.0,100
260.0,218.16666666666669,0.0,0.0,0.0,0.0,100
260.0,220.5,0.0,0.0,0.0,0.0,100
260.0,222.83333333333334,0.0,0.0,0.0,0.0,100
260.0,225.16666666666669,0.0,0.0,0.0,0.0,100
260.0,227.5,0.0,0.0,0.0,0.0,100
260.0,229.83333333333337,0.0,0.0,0.0,0.0,100
260.0,232.16666666666669,0.0,0.0,0.0,0.0,100
260.0,234.5,0.0,0.0,0.0,0.0,100
260.0,236.83333333333337,0.0,0.0,0.0,0.0,100
260.0,239.16666666666669,0.0,0.0,0.0,0.0,100
260.0,241.5,0.0,0.0,0.0,0.0,100
260.0,243.83333333333337,0.0,0.0,0.0,0.0,100
260.0,246.16666666666669,0.0,0.0,0.0,0.0,100
260.0,248.5,0.0,0.0,0.0,0.0,100
260.0,250.83333333333337,0.0,0.0,0.0,0.0,100
260.0,253.16666666666669,0.0,0.0,0.0,0.0,100
260.0,255.5,0.0,0.0,0.0,0.0,100
260.0,257.83333333333337,0.0,0.0,0.0,0.0,100
260.0,260.1666666666667,0.0,0.0,0.0,0.0,100
260.0,262.5,0.0,0.0,0.0,0.0,100
260.0,264.83333333333337,0.0,0.0,0.0,0.0,100
260.0,267.1666666666667,0.0,0.0,0.0,0.0,100
260.0,269.5,0.0,0.0,0.0,0.0,100
260.0,271.83333333333337,0.0,0.0,0.0,0.0,100
260.0,274.1666666666667,0.0,0.0,0.0,0.0,100
260.0,276.5,0.0,0.0,0.0,0.0,100
260.0,278.83333333333337,0.0,0.0,0.0,0.0,100
280.0,1.1666666666666667,0.0,0.0,0.014314285714285717,0.0015099450434435517,100
280.0,3.5,0.0,0.0,0.022342857142857143,0.00212741138479724,100
280.0,5.833333333333334,0.0,0.0,0.022971428571428573,0.002094813022603729,100
280.0,8.166666666666668,0.0,0.0,0.022828571428571424,0.00209739951482759,100
280.0,10.5,2.857142857142857e-05,2.8571428571428567e-05,0.023028571428571426,0.001843079172727215,100
280.0,12.833333333333334,0.0,0.0,0.024114285714285713,0.0022054148986717778,100
280.0,15.166666666666668,0.0,0.0,0.021057142857142858,0.0023702460585488545,100
280.0,17.5,2.857142857142857e-05,2.8571428571428567e-05,0.021057142857142858,0.002311776025055774,100
280.0,19.833333333333336,0.0,0.0,0.021971428571428576,0.0023538527039836466,100
280.0,22.166666666666668,0.0,0.0,0.024257142857142856,0.0028323585940188342,100
280.0,24.5,0.0,0.0,0.022228571428571434,0.002484694023586657,100
280.0,26.833333333333336,0.0,0.0,0.01957142857142857,0.002169625970100374,100
280.0,29.166666666666668,0.0,0.0,0.019,0.002509392785953409,100
280.0,31.500000000000004,0.0,0.0,0.020457142857142858,0.0029153437232929003,100
280.0,33.833333333333336,0.0,0.0,0.018257142857142857,0.0024844666886196,100
280.0,36.16666666666667,0.0,0.0,0.017628571428571427,0.002268352168990613,100
280.0,38.5,0.0,0.0,0.018457142857142853,0.0024726648227165558,100
280.0,40.833333333333336,0.0,0.0,0.017285714285714286,0.0023177320997405633,100
280.0,43.16666666666667,0.0,0.0,0.014971428571428573,0.002033777844089531,100
280.0,45.5,0.0,0.0,0.016685714285714286,0.0023862175549912673,100
280.0,47.833333333333336,0.0,0.0,0.016200000000000003,0.0023842591755344864,100
280.0,50.16666666666667,0.0,0.0,0.014857142857142855,0.002492454082863814,100
280.0,52.5,0.0,0.0,0.014971428571428571,0.002627140585532752,100
280.0,54.833333333333336,0.0,0.0,0.013314285714285716,0.0021234697765640637,100
280.0,57.16666666666667,0.0,0.0,0.01302857142857143,0.00193794472755503,100
280.0,59.5,0.0,0.0,0.013428571428571432,0.0022905792382611977,100
280.0,61.83333333333334,0.0,0.0,0.011285714285714286,0.0017009461758732678,100
280.0,64.16666666666667,0.0,0.0,0.010685714285714284,0.0016553705006847285,100
280.0,66.5,0.0,0.0,0.009628571428571433,0.001616068050270321,100
280.0,68.83333333333334,0.0,0.0,0.010542857142857142,0.001747015595827207,100
280.0,71.16666666666667,0.0,0.0,0.010857142857142857,0.0018038187577761153,100
280.0,73.5,0.0,0.0,0.011085714285714286,0.0020620272300992007,100
280.0,75.83333333333334,0.0,0.0,0.010114285714285716,0.0018307796911339615,100
280.0,78.16666666666667,0.0,0.0,0.012371428571428571,0.002539339623313793,100
280.0,80.5,0.0,0.0,0.01122857142857143,0.0023974338648356003,100
280.0,82.83333333333334,0.0,0.0,0.0114,0.0022815600777480157,100
280.0,85.16666666666667,0.0,0.0,0.011657142857142859,0.00232707172910628,100
280.0,87.5,0.0,0.0,0.010742857142857143,0.002183168688056705,100
280.0,89.83333333333334,0.0,0.0,0.012085714285714285,0.0030006815689732212,100
280.0,92.16666666666667,0.0,0.0,0.01117142857142857,0.0024558253456263912,100
280.0,94.5,0.0,0.0,0.01074285714285714,0.0023918779629512063,100
280.0,96.83333333333334,2.857142857142857e-05,2.8571428571428574e-05,0.008771428571428572,0.0019109229363763803,100
280.0,99.16666666666667,0.0,0.0,0.0070285714285714266,0.0015353566817444347,100
280.0,101.5,0.00022857142857142857,0.0002285714285714286,0.0074285714285714285,0.0017877477599440334,100
280.0,103.83333333333334,0.0,0.0,0.007371428571428571,0.00187209212430152,100
280.0,106.16666666666667,0.0,0.0,0.007142857142857144,0.001747867328459841,100
280.0,108.5,5.714285714285714e-05,5.7142857142857135e-05,0.006914285714285715,0.0016842878010676788,100
280.0,110.83333333333334,2.857142857142857e-05,2.8571428571428567e-05,0.007028571428571427,0.0017515996752646243,100
280.0,113.16666666666667,0.0,0.0,0.007771428571428572,0.0019034974157780833,100
280.0,115.5,0.0,0.0,0.006857142857142857,0.0016435628072266363,100
280.0,117.83333333333334,0.0,0.0,0.006142857142857144,0.001634696463988158,100
280.0,120.16666666666669,0.0,0.0,0.006599999999999999,0.0016449143277821935,100
280.0,122.5,2.857142857142857e-05,2.8571428571428574e-05,0.007171428571428571,0.0018656128308941675,100
280.0,124.83333333333334,0.00011428571428571428,0.0001142857142857143,0.006342857142857143,0.0016883951583317844,100
280.0,127.16666666666669,0.0,0.0,0.005371428571428572,0.0013537582158373118,100
280.0,129.5,2.857142857142857e-05,2.8571428571428574e-05,0.004314285714285714,0.001033350290123604,100
280.0,131.83333333333334,5.714285714285714e-05,5.714285714285715e-05,0.006171428571428571,0.0020169228385213864,100
280.0,134.16666666666669,2.857142857142857e-05,2.8571428571428574e-05,0.006028571428571428,0.0016550093246777045,100
280.0,136.5,2.857142857142857e-05,2.8571428571428574e-05,0.0054571428571428575,0.0015458871428207452,100
280.0,138.83333333333334,8.571428571428571e-05,6.362900095817534e-05,0.006714285714285715,0.002343207308502705,100
280.0,141.16666666666669,0.0,0.0,0.007228571428571429,0.002294519475798718,100
280.0,143.5,2.857142857142857e-05,2.8571428571428574e-05,0.005457142857142859,0.0016045158905547412,100
280.0,145.83333333333334,0.0,0.0,0.005657142857142857,0.0015495552324019547,100
280.0,148.16666666666669,0.0,0.0,0.004714285714285714,0.0015508291715585032,100
280.0,150.5,2.857142857142857e-05,2.8571428571428567e-05,0.004828571428571429,0.0015392588042498,100
280.0,152.83333333333334,5.714285714285714e-05,4.020151261036846e-05,0.004085714285714285,0.0012137160194887922,100
280.0,155.16666666666669,0.0,0.0,0.004114285714285713,0.0013273334392521403,100
280.0,157.5,0.0,0.0,0.004171428571428572,0.0013199201639993597,100
280.0,159.83333333333334,0.0,0.0,0.003628571428571429,0.0011768781837250505,100
280.0,162.16666666666669,0.0,0.0,0.004714285714285714,0.0016128606001775323,100
280.0,164.5,8.571428571428571e-05,6.362900095817532e-05,0.004285714285714286,0.0013654149055718791,100
280.0,166.83333333333334,8.571428571428571e-05,8.57142857142857e-05,0.0038857142857142857,0.001466745373724421,100
280.0,169.16666666666669,2.857142857142857e-05,2.8571428571428567e-05,0.0036,0.0012193857756095125,100
280.0,171.5,0.0,0.0,0.0033142857142857145,0.0011163742590598756,100
280.0,173.83333333333334,0.0,0.0,0.0023714285714285716,0.0007344119800927907,100
280.0,176.16666666666669,8.571428571428571e-05,6.362900095817534e-05,0.0025142857142857146,0.0007939993462614018,100
280.0,178.5,2.857142857142857e-05,2.8571428571428567e-05,0.0023142857142857158,0.0008139122203610803,100
280.0,180.83333333333334,5.714285714285714e-05,4.0201512610368476e-05,0.0017714285714285714,0.0005909786997359023,100
280.0,183.16666666666669,2.857142857142857e-05,2.8571428571428574e-05,0.0015428571428571431,0.0005159504881332184,100
280.0,185.5,8.571428571428571e-05,6.362900095817532e-05,0.001857142857142857,0.0008560599219572466,100
280.0,187.83333333333334,0.0,0.0,0.0030000000000000005,0.0013279886695341378,100
280.0,190.16666666666669,0.0,0.0,0.0020285714285714286,0.0009439409573826803,100
280.0,192.5,2.857142857142857e-05,2.8571428571428574e-05,0.0019428571428571429,0.0009804352858933515,100
280.0,194.83333333333334,8.571428571428571e-05,8.57142857142857e-05,0.0018,0.0010422174796023635,100
280.0,197.16666666666669,2.857142857142857e-05,2.8571428571428567e-05,0.0011428571428571427,0.0006408096301286003,100
280.0,199.5,5.714285714285714e-05,5.7142857142857135e-05,0.0006,0.0003772438537207307,100
280.0,201.83333333333334,5.714285714285714e-05,5.7142857142857135e-05,0.00025714285714285715,0.00018204273908575577,100
280.0,204.16666666666669,5.714285714285714e-05,5.7142857142857135e-05,0.0002,0.00017350830804971793,100
280.0,206.5,0.0,0.0,0.00025714285714285715,0.00025714285714285715,100
280.0,208.83333333333334,5.714285714285714e-05,5.7142857142857135e-05,0.0005428571428571429,0.0005428571428571429,100
280.0,211.16666666666669,0.0,0.0,0.00034285714285714285,0.0003428571428571428,100
280.0,213.5,0.0,0.0,0.00014285714285714284,0.00014285714285714287,100
280.0,215.83333333333334,5.714285714285714e-05,5.7142857142857135e-05,0.00037142857142857143,0.00037142857142857154,100
280.0,218.16666666666669,0.0,0.0,0.00022857142857142857,0.00022857142857142854,100
280.0,220.5,2.857142857142857e-05,2.8571428571428567e-05,0.0002,0.00019999999999999996,100
280.0,222.83333333333334,5.714285714285714e-05,5.7142857142857135e-05,2.857142857142857e-05,2.8571428571428567e-05,100
280.0,225.16666666666669,0.0,0.0,0.0,0.0,100
280.0,227.5,0.0,0.0,0.0,0.0,100
280.0,229.83333333333337,0.0,0.0,0.0,0.0,100
280.0,232.16666666666669,0.0,0.0,0.0,0.0,100
280.0,234.5,0.0,0.0,0.0,0.0,100
280.0,236.83333333333337,0.0,0.0,0.0,0.0,100
280.0,239.16666666666669,0.0,0.0,0.0,0.0,100
280.0,241.5,0.0,0.0,0.0,0.0,100
280.0,243.83333333333337,0.0,0.0,0.0,0.0,100
280.0,246.16666666666669,0.0,0.0,0.0,0.0,100
280.0,248.5,0.0,0.0,0.0,0.0,100
280.0,250.83333333333337,0.0,0.0,0.0,0.0,100
280.0,253.16666666666669,0.0,0.0,0.0,0.0,100
280.0,255.5,0.0,0.0,0.0,0.0,100
280.0,257.83333333333337,0.0,0.0,0.0,0.0,100
280.0,260.1666666666667,0.0,0.0,0.0,0.0,100
280.0,262.5,0.0,0.0,0.0,0.0,100
280.0,264.83333333333337,0.0,0.0,0.0,0.0,100
280.0,267.1666666666667,0.0,0.0,0.0,0.0,100
280.0,269.5,0.0,0.0,0.0,0.0,100
280.0,271.83333333333337,0.0,0.0,0.0,0.0,100
280.0,274.1666666666667,0.0,0.0,0.0,0.0,100
280.0,276.5,0.0,0.0,0.0,0.0,100
280.0,278.83333333333337,0.0,0.0,0.0,0.0,100
300.0,1.1666666666666667,2.857142857142857e-05,2.8571428571428567e-05,0.01462857142857143,0.001524502007155338,100
300.0,3.5,0.0,0.0,0.022457142857142856,0.002123003749071934,100
300.0,5.833333333333334,0.0,0.0,0.02305714285714286,0.002089427203802936,100
300.0,8.166666666666668,0.0,0.0,0.022971428571428566,0.002096386934154885,100
300.0,10.5,0.0,0.0,0.023085714285714286,0.001845699006812237,100
300.0,12.833333333333334,0.0,0.0,0.024114285714285713,0.0022054148986717778,100
300.0,15.166666666666668,0.0,0.0,0.02114285714285714,0.0023776600613950438,100
300.0,17.5,0.0,0.0,0.021085714285714284,0.002314315999303028,100
300.0,19.833333333333336,0.0,0.0,0.021971428571428576,0.0023538527039836466,100
300.0,22.166666666666668,0.0,0.0,0.024257142857142856,0.0028323585940188342,100
300.0,24.5,0.0,0.0,0.022228571428571434,0.002484694023586657,100
300.0,26.833333333333336,0.0,0.0,0.01957142857142857,0.002169625970100374,100
300.0,29.166666666666668,0.0,0.0,0.019,0.002509392785953409,100
300.0,31.500000000000004,0.0,0.0,0.020457142857142858,0.0029153437232929003,100
300.0,33.833333333333336,0.0,0.0,0.018257142857142857,0.0024844666886196,100
300.0,36.16666666666667,0.0,0.0,0.017628571428571427,0.002268352168990613,100
300.0,38.5,0.0,0.0,0.018457142857142853,0.0024726648227165558,100
300.0,40.833333333333336,0.0,0.0,0.017285714285714286,0.0023177320997405633,100
300.0,43.16666666666667,0.0,0.0,0.014971428571428573,0.002033777844089531,100
300.0,45.5,0.0,0.0,0.016685714285714286,0.0023862175549912673,100
300.0,47.833333333333336,0.0,0.0,0.016200000000000003,0.0023842591755344864,100
300.0,50.16666666666667,0.0,0.0,0.014857142857142855,0.002492454082863814,100
300.0,52.5,0.0,0.0,0.014971428571428571,0.002627140585532752,100
300.0,54.833333333333336,0.0,0.0,0.013314285714285716,0.0021234697765640637,100
300.0,57.16666666666667,0.0,0.0,0.013028571428571428,0.0019379447275550293,100
300.0,59.5,0.0,0.0,0.013428571428571432,0.0022905792382611977,100
300.0,61.83333333333334,0.0,0.0,0.011285714285714286,0.0017009461758732678,100
300.0,64.16666666666667,0.0,0.0,0.010685714285714284,0.0016553705006847285,100
300.0,66.5,0.0,0.0,0.009628571428571433,0.001616068050270321,100
300.0,68.83333333333334,0.0,0.0,0.010542857142857142,0.001747015595827207,100
300.0,71.16666666666667,0.0,0.0,0.010857142857142857,0.0018038187577761153,100
300.0,73.5,0.0,0.0,0.011085714285714286,0.0020620272300992007,100
300.0,75.83333333333334,0.0,0.0,0.010114285714285716,0.0018307796911339615,100
300.0,78.16666666666667,0.0,0.0,0.012371428571428571,0.002539339623313793,100
300.0,80.5,0.0,0.0,0.01122857142857143,0.0023974338648356003,100
300.0,82.83333333333334,0.0,0.0,0.0114,0.0022815600777480157,100
300.0,85.16666666666667,0.0,0.0,0.011657142857142859,0.00232707172910628,100
300.0,87.5,0.0,0.0,0.010742857142857143,0.002183168688056705,100
300.0,89.83333333333334,0.0,0.0,0.012085714285714285,0.0030006815689732212,100
300.0,92.16666666666667,0.0,0.0,0.011228571428571428,0.0024679366267326103,100
300.0,94.5,0.0,0.0,0.010857142857142857,0.002423685774063045,100
300.0,96.83333333333334,0.0,0.0,0.008885714285714285,0.0019326508082340473,100
300.0,99.16666666666667,0.0,0.0,0.00717142857142857,0.0015672882620604589,100
300.0,101.5,2.857142857142857e-05,2.8571428571428567e-05,0.008257142857142857,0.0021819502811655585,100
300.0,103.83333333333334,0.0,0.0,0.0077714285714285715,0.0019998268323300795,100
300.0,106.16666666666667,0.0,0.0,0.0074571428571428575,0.0018471347604696834,100
300.0,108.5,0.0,0.0,0.007171428571428572,0.0017689667761034238,100
300.0,110.83333333333334,0.0,0.0,0.007171428571428571,0.0017967170409763978,100
300.0,113.16666666666667,8.571428571428571e-05,6.362900095817534e-05,0.007971428571428572,0.0019645571109901047,100
300.0,115.5,2.857142857142857e-05,2.8571428571428574e-05,0.007085714285714286,0.0016751078754987166,100
300.0,117.83333333333334,0.0,0.0,0.006285714285714287,0.0016585454580708137,100
300.0,120.16666666666669,0.0,0.0,0.0067714285714285715,0.0016776533364726634,100
300.0,122.5,0.0,0.0,0.00782857142857143,0.0021582878759214236,100
300.0,124.83333333333334,0.0,0.0,0.006885714285714286,0.001840964048847404,100
300.0,127.16666666666669,0.0,0.0,0.0058571428571428585,0.0014514048242026832,100
300.0,129.5,2.857142857142857e-05,2.8571428571428567e-05,0.004657142857142857,0.0011066821645426667,100
300.0,131.83333333333334,5.714285714285714e-05,5.7142857142857135e-05,0.0067142857142857134,0.002101672528494251,100
300.0,134.16666666666669,5.714285714285714e-05,5.7142857142857135e-05,0.006514285714285712,0.0017234387680982587,100
300.0,136.5,0.0,0.0,0.005942857142857143,0.001635354598536994,100
300.0,138.83333333333334,0.0,0.0,0.007171428571428571,0.002423513959815358,100
300.0,141.16666666666669,2.857142857142857e-05,2.8571428571428574e-05,0.007571428571428571,0.0023540909010306716,100
300.0,143.5,0.0,0.0,0.00602857142857143,0.0016787539429803122,100
300.0,145.83333333333334,2.857142857142857e-05,2.8571428571428567e-05,0.005885714285714285,0.001563245122271853,100
300.0,148.16666666666669,2.857142857142857e-05,2.8571428571428567e-05,0.005085714285714288,0.0015934208166676809,100
300.0,150.5,2.857142857142857e-05,2.8571428571428574e-05,0.0051142857142857144,0.001568760689528553,100
300.0,152.83333333333334,0.0,0.0,0.004314285714285714,0.001236759185880177,100
300.0,155.16666666666669,0.0,0.0,0.004371428571428571,0.0013550823577363096,100
300.0,157.5,0.0,0.0,0.004742857142857143,0.0014301405523890697,100
300.0,159.83333333333334,5.714285714285714e-05,5.7142857142857135e-05,0.004342857142857143,0.001314323357262545,100
300.0,162.16666666666669,0.00022857142857142857,0.00018015316784263138,0.005171428571428572,0.0017218184669791007,100
300.0,164.5,0.0,0.0,0.004714285714285715,0.0014615952123731087,100
300.0,166.83333333333334,2.857142857142857e-05,2.8571428571428567e-05,0.0044857142857142865,0.0015927350007201662,100
300.0,169.16666666666669,0.0,0.0,0.003942857142857143,0.001248230245848167,100
300.0,171.5,0.0,0.0,0.0037428571428571433,0.0011676213074559886,100
300.0,173.83333333333334,2.857142857142857e-05,2.8571428571428574e-05,0.0027999999999999987,0.0008081016282619838,100
300.0,176.16666666666669,0.00011428571428571428,8.040302522073694e-05,0.0030571428571428572,0.0009368913539968126,100
300.0,178.5,0.0,0.0,0.0027714285714285714,0.000901182255619663,100
300.0,180.83333333333334,0.0,0.0,0.0022285714285714287,0.0007785836741295754,100
300.0,183.16666666666669,2.857142857142857e-05,2.8571428571428567e-05,0.002142857142857143,0.0007200345853944029,100
300.0,185.5,0.0,0.0,0.0023714285714285716,0.0011114404789088262,100
300.0,187.83333333333334,0.0,0.0,0.0036,0.0015327766460078592,100
300.0,190.16666666666669,0.0,0.0,0.0029714285714285715,0.0013108305168826862,100
300.0,192.5,2.857142857142857e-05,2.8571428571428574e-05,0.0026285714285714285,0.0012194263480953611,100
300.0,194.83333333333334,2.857142857142857e-05,2.8571428571428567e-05,0.0022285714285714287,0.0011403869408091666,100
300.0,197.16666666666669,5.714285714285714e-05,4.020151261036847e-05,0.0016285714285714287,0.0007233251968113632,100
300.0,199.5,8.571428571428571e-05,6.362900095817532e-05,0.0016857142857142856,0.0011615321239084012,100
300.0,201.83333333333334,0.0,0.0,0.0007142857142857143,0.0004188409565172899,100
300.0,204.16666666666669,5.714285714285714e-05,4.020151261036847e-05,0.0010285714285714286,0.0007900849185498304,100
300.0,206.5,0.0,0.0,0.0005428571428571429,0.0003414473178573601,100
300.0,208.83333333333334,0.0,0.0,0.001,0.0008618198518363171,100
300.0,211.16666666666669,0.0,0.0,0.0007714285714285716,0.0006103011817680942,100
300.0,213.5,2.857142857142857e-05,2.8571428571428567e-05,0.00045714285714285713,0.00036030633568526275,100
300.0,215.83333333333334,0.0,0.0,0.0006,0.0005205249241491538,100
300.0,218.16666666666669,2.857142857142857e-05,2.8571428571428567e-05,0.00034285714285714285,0.00031529419728089234,100
300.0,220.5,0.0,0.0,0.00025714285714285715,0.00025714285714285715,100
300.0,222.83333333333334,2.857142857142857e-05,2.8571428571428567e-05,0.00025714285714285715,0.00025714285714285715,100
300.0,225.16666666666669,0.0,0.0,0.0002,0.00019999999999999996,100
300.0,227.5,0.0,0.0,0.0002,0.00019999999999999996,100
300.0,229.83333333333337,0.0,0.0,0.00025714285714285715,0.00025714285714285715,100
300.0,232.16666666666669,0.0,0.0,0.00017142857142857143,0.0001714285714285714,100
300.0,234.5,0.0,0.0,0.00017142857142857143,0.0001714285714285714,100
300.0,236.83333333333337,5.714285714285714e-05,5.7142857142857135e-05,0.00011428571428571428,0.00011428571428571427,100
300.0,239.16666666666669,0.0,0.0,0.0,0.0,100
300.0,241.5,0.0,0.0,0.0,0.0,100
300.0,243.83333333333337,0.0,0.0,0.0,0.0,100
300.0,246.16666666666669,0.0,0.0,0.0,0.0,100
300.0,248.5,0.0,0.0,0.0,0.0,100
300.0,250.83333333333337,0.0,0.0,0.0,0.0,100
300.0,253.16666666666669,0.0,0.0,0.0,0.0,100
300.0,255.5,0.0,0.0,0.0,0.0,100
300.0,257.83333333333337,0.0,0.0,0.0,0.0,100
300.0,260.1666666666667,0.0,0.0,0.0,0.0,100
300.0,262.5,0.0,0.0,0.0,0.0,100
300.0,264.83333333333337,0.0,0.0,0.0,0.0,100
300.0,267.1666666666667,0.0,0.0,0.0,0.0,100
300.0,269.5,0.0,0.0,0.0,0.0,100
300.0,271.83333333333337,0.0,0.0,0.0,0.0,100
300.0,274.1666666666667,0.0,0.0,0.0,0.0,100
300.0,276.5,0.0,0.0,0.0,0.0,100
300.0,278.83333333333337,0.0,0.0,0.0,0.0,100
320.0,1.1666666666666667,0.0,0.0,0.014800000000000002,0.0015593157721192853,100
320.0,3.5,0.0,0.0,0.02251428571428572,0.002123104730376041,100
320.0,5.833333333333334,0.0,0.0,0.02314285714285715,0.002087549845599946,100
320.0,8.166666666666668,0.0,0.0,0.023028571428571426,0.002098706299195391,100
320.0,10.5,0.0,0.0,0.023171428571428572,0.0018529289522043549,100
320.0,12.833333333333334,0.0,0.0,0.0242,0.0022054653726122737,100
320.0,15.166666666666668,2.857142857142857e-05,2.8571428571428567e-05,0.021199999999999997,0.0023780692500578074,100
320.0,17.5,0.0,0.0,0.021085714285714284,0.002314315999303028,100
320.0,19.833333333333336,0.0,0.0,0.021971428571428576,0.0023538527039836466,100
320.0,22.166666666666668,0.0,0.0,0.024257142857142856,0.0028323585940188342,100
320.0,24.5,0.0,0.0,0.022228571428571434,0.002484694023586657,100
320.0,26.833333333333336,0.0,0.0,0.01957142857142857,0.002169625970100374,100
320.0,29.166666666666668,0.0,0.0,0.019,0.002509392785953409,100
320.0,31.500000000000004,0.0,0.0,0.020457142857142858,0.0029153437232929003,100
320.0,33.833333333333336,0.0,0.0,0.018257142857142857,0.0024844666886196,100
320.0,36.16666666666667,0.0,0.0,0.017628571428571427,0.002268352168990613,100
320.0,38.5,0.0,0.0,0.018457142857142853,0.0024726648227165558,100
320.0,40.833333333333336,0.0,0.0,0.017285714285714286,0.0023177320997405633,100
320.0,43.16666666666667,0.0,0.0,0.014971428571428573,0.002033777844089531,100
320.0,45.5,0.0,0.0,0.016685714285714286,0.0023862175549912673,100
320.0,47.833333333333336,0.0,0.0,0.016200000000000003,0.0023842591755344864,100
320.0,50.16666666666667,0.0,0.0,0.014857142857142855,0.002492454082863814,100
320.0,52.5,0.0,0.0,0.014971428571428571,0.002627140585532752,100
320.0,54.833333333333336,0.0,0.0,0.013314285714285716,0.0021234697765640637,100
320.0,57.16666666666667,0.0,0.0,0.013028571428571428,0.0019379447275550293,100
320.0,59.5,0.0,0.0,0.013428571428571432,0.0022905792382611977,100
320.0,61.83333333333334,0.0,0.0,0.011285714285714286,0.0017009461758732678,100
320.0,64.16666666666667,0.0,0.0,0.010685714285714284,0.0016553705006847285,100
320.0,66.5,0.0,0.0,0.009628571428571433,0.001616068050270321,100
320.0,68.83333333333334,0.0,0.0,0.010542857142857142,0.001747015595827207,100
320.0,71.16666666666667,0.0,0.0,0.010857142857142857,0.0018038187577761153,100
320.0,73.5,0.0,0.0,0.011085714285714286,0.0020620272300992007,100
320.0,75.83333333333334,0.0,0.0,0.010114285714285716,0.0018307796911339615,100
320.0,78.16666666666667,0.0,0.0,0.012371428571428571,0.002539339623313793,100
320.0,80.5,0.0,0.0,0.01122857142857143,0.0023974338648356003,100
320.0,82.83333333333334,0.0,0.0,0.0114,0.0022815600777480157,100
320.0,85.16666666666667,2.857142857142857e-05,2.8571428571428567e-05,0.011685714285714284,0.002332880952701272,100
320.0,87.5,0.0,0.0,0.01082857142857143,0.002228835963135666,100
320.0,89.83333333333334,0.0,0.0,0.012171428571428571,0.0030515721115668146,100
320.0,92.16666666666667,0.0,0.0,0.011314285714285712,0.002488454478094495,100
320.0,94.5,0.0,0.0,0.010914285714285715,0.0024434667559990746,100
320.0,96.83333333333334,0.0,0.0,0.008971428571428573,0.0019471559266902006,100
320.0,99.16666666666667,5.714285714285714e-05,4.0201512610368476e-05,0.007457142857142856,0.0016384853054155432,100
320.0,101.5,0.0,0.0,0.008514285714285714,0.0022242752833163356,100
320.0,103.83333333333334,0.0,0.0,0.007942857142857144,0.002029093687217745,100
320.0,106.16666666666667,0.0,0.0,0.007628571428571429,0.0018702743651088586,100
320.0,108.5,0.0,0.0,0.0074285714285714285,0.001808840153378437,100
320.0,110.83333333333334,0.0,0.0,0.007514285714285713,0.0018568231493042645,100
320.0,113.16666666666667,2.857142857142857e-05,2.8571428571428567e-05,0.008171428571428573,0.001971564501660912,100
320.0,115.5,5.714285714285714e-05,5.7142857142857135e-05,0.007314285714285714,0.0016946056507896787,100
320.0,117.83333333333334,0.0,0.0,0.0065142857142857155,0.0016744185833443865,100
320.0,120.16666666666669,0.0,0.0,0.007028571428571428,0.0017014526879190511,100
320.0,122.5,0.0,0.0,0.008,0.002196678589461104,100
320.0,124.83333333333334,0.0,0.0,0.007085714285714284,0.0018928109934748289,100
320.0,127.16666666666669,0.0,0.0,0.0061714285714285725,0.001554199131787567,100
320.0,129.5,5.714285714285714e-05,5.7142857142857135e-05,0.0054571428571428575,0.001269397830221421,100
320.0,131.83333333333334,0.0,0.0,0.007257142857142859,0.0021715424896069186,100
320.0,134.16666666666669,0.0,0.0,0.006857142857142857,0.001783591812222831,100
320.0,136.5,2.857142857142857e-05,2.8571428571428567e-05,0.006228571428571428,0.0016794831885624164,100
320.0,138.83333333333334,2.857142857142857e-05,2.8571428571428567e-05,0.007342857142857142,0.0024366659094926437,100
320.0,141.16666666666669,0.0,0.0,0.0077428571428571425,0.002379842165400924,100
320.0,143.5,0.0,0.0,0.006228571428571429,0.0017278825860840535,100
320.0,145.83333333333334,5.714285714285714e-05,4.0201512610368476e-05,0.0061428571428571435,0.0016174552903130321,100
320.0,148.16666666666669,2.857142857142857e-05,2.8571428571428574e-05,0.005457142857142858,0.0016551089673104327,100
320.0,150.5,5.714285714285714e-05,4.0201512610368476e-05,0.006257142857142857,0.0018626049103753046,100
320.0,152.83333333333334,2.857142857142857e-05,2.8571428571428574e-05,0.0051142857142857144,0.0014162790040365592,100
320.0,155.16666666666669,2.857142857142857e-05,2.8571428571428567e-05,0.004971428571428571,0.0015747020869179684,100
320.0,157.5,8.571428571428571e-05,6.362900095817534e-05,0.005542857142857143,0.0016514805985503333,100
320.0,159.83333333333334,0.0,0.0,0.006342857142857142,0.002055338313858715,100
320.0,162.16666666666669,5.714285714285714e-05,4.020151261036847e-05,0.006028571428571428,0.0020722449503374676,100
320.0,164.5,2.857142857142857e-05,2.8571428571428567e-05,0.005285714285714287,0.001647258674899777,100
320.0,166.83333333333334,2.857142857142857e-05,2.8571428571428567e-05,0.005142857142857143,0.0018319413392067947,100
320.0,169.16666666666669,0.0,0.0,0.004514285714285716,0.001471045355609457,100
320.0,171.5,0.0,0.0,0.004228571428571428,0.0013042467463426123,100
320.0,173.83333333333334,0.0,0.0,0.003142857142857143,0.0009691170189046591,100
320.0,176.16666666666669,0.0,0.0,0.0036285714285714307,0.0010857712448034602,100
320.0,178.5,2.857142857142857e-05,2.8571428571428567e-05,0.003028571428571428,0.0009435259336043947,100
320.0,180.83333333333334,0.0,0.0,0.0024,0.0007965292677980355,100
320.0,183.16666666666669,0.0,0.0,0.002257142857142857,0.0007324332475883026,100
320.0,185.5,2.857142857142857e-05,2.8571428571428574e-05,0.002428571428571429,0.0011116778599932144,100
320.0,187.83333333333334,0.0,0.0,0.0036,0.0015327766460078592,100
320.0,190.16666666666669,0.0,0.0,0.0030571428571428572,0.0013229372067562373,100
320.0,192.5,5.714285714285714e-05,5.7142857142857135e-05,0.0028857142857142857,0.001270306913182658,100
320.0,194.83333333333334,0.0,0.0,0.0026857142857142856,0.0012968540975768935,100
320.0,197.16666666666669,2.857142857142857e-05,2.8571428571428574e-05,0.0025142857142857146,0.001136548243096071,100
320.0,199.5,0.0,0.0,0.0027714285714285714,0.001888875307650012,100
320.0,201.83333333333334,8.571428571428571e-05,8.57142857142857e-05,0.0012000000000000001,0.0007152144034904599,100
320.0,204.16666666666669,0.0,0.0,0.0014571428571428572,0.0009388607420102643,100
320.0,206.5,0.0,0.0,0.0008285714285714285,0.0003661518846580353,100
320.0,208.83333333333334,0.0,0.0,0.0013142857142857142,0.000872323482482912,100
320.0,211.16666666666669,8.571428571428571e-05,6.362900095817531e-05,0.0011714285714285713,0.000643499758979151,100
320.0,213.5,2.857142857142857e-05,2.8571428571428574e-05,0.0008571428571428571,0.00043454234082526764,100
320.0,215.83333333333334,0.0,0.0,0.0014571428571428574,0.0007774337372611166,100
320.0,218.16666666666669,5.714285714285714e-05,4.020151261036847e-05,0.001,0.0005029289598460446,100
320.0,220.5,2.857142857142857e-05,2.8571428571428567e-05,0.0002857142857142857,0.0002584382953523688,100
320.0,222.83333333333334,0.0,0.0,0.0002857142857142857,0.00028571428571428574,100
320.0,225.16666666666669,0.0,0.0,0.00025714285714285715,0.00025714285714285715,100
320.0,227.5,0.0,0.0,0.0002857142857142857,0.00028571428571428574,100
320.0,229.83333333333337,0.0,0.0,0.0003142857142857143,0.0003142857142857142,100
320.0,232.16666666666669,0.0,0.0,0.00022857142857142857,0.00022857142857142854,100
320.0,234.5,0.0,0.0,0.00025714285714285715,0.00025714285714285715,100
320.0,236.83333333333337,0.0,0.0,0.00022857142857142857,0.00022857142857142854,100
320.0,239.16666666666669,0.0,0.0,0.00025714285714285715,0.00025714285714285715,100
320.0,241.5,5.714285714285714e-05,5.7142857142857135e-05,5.714285714285714e-05,5.7142857142857135e-05,100
320.0,243.83333333333337,0.0,0.0,0.0,0.0,100
320.0,246.16666666666669,0.0,0.0,0.0,0.0,100
320.0,248.5,0.0,0.0,0.0,0.0,100
320.0,250.83333333333337,0.0,0.0,0.0,0.0,100
320.0,253.16666666666669,0.0,0.0,0.0,0.0,100
320.0,255.5,0.0,0.0,0.0,0.0,100
320.0,257.83333333333337,0.0,0.0,0.0,0.0,100
320.0,260.1666666666667,0.0,0.0,0.0,0.0,100
320.0,262.5,0.0,0.0,0.0,0.0,100
320.0,264.83333333333337,0.0,0.0,0.0,0.0,100
320.0,267.1666666666667,0.0,0.0,0.0,0.0,100
320.0,269.5,0.0,0.0,0.0,0.0,100
320.0,271.83333333333337,0.0,0.0,0.0,0.0,100
320.0,274.1666666666667,0.0,0.0,0.0,0.0,100
320.0,276.5,0.0,0.0,0.0,0.0,100
320.0,278.83333333333337,0.0,0.0,0.0,0.0,100
