time,front_mean_all,front_sem_all,front_mean_alive,front_sem_alive,n_total,n_alive,survival_fraction,active_tips_mean_all,active_tips_mean_alive
0.0,0.0,0.0,0.0,0.0,100,100,1.0,1.0,1.0
1.0,1.0,0.0,1.0,0.0,100,100,1.0,1.11,1.11
2.0,1.9810114532280807,0.0015691072988670226,1.9810114532280807,0.0015691072988670226,100,100,1.0,1.25,1.25
3.0,2.942389565283203,0.005323061931731719,2.942389565283203,0.005323061931731719,100,100,1.0,1.33,1.33
4.0,3.89435678742452,0.009387214784066608,3.89435678742452,0.009387214784066608,100,100,1.0,1.44,1.44
5.0,4.8357135150755655,0.015613517649140405,4.8357135150755655,0.015613517649140405,100,100,1.0,1.62,1.62
6.0,5.761167423276538,0.024616355393115488,5.761167423276538,0.024616355393115488,100,100,1.0,1.83,1.83
7.0,6.581237238732258,0.03929150343069677,6.581237238732258,0.03929150343069677,100,100,1.0,1.55,1.55
8.0,7.4275849926590105,0.05675924825266661,7.4275849926590105,0.05675924825266661,100,100,1.0,1.56,1.56
9.0,8.26741154667137,0.0768825359196931,8.284336808578912,0.0757578031193716,100,99,0.99,1.57,1.5858585858585859
10.0,9.069073935267529,0.09934272914070003,9.09409679705988,0.09711572215999055,100,99,0.99,1.66,1.6767676767676767
11.0,9.85996447301524,0.12133018173699175,9.892976128118173,0.11793825619009093,100,99,0.99,1.75,1.7676767676767677
12.0,10.625811395227505,0.1442587317373118,10.666558877827534,0.13978928874989713,100,99,0.99,1.74,1.7575757575757576
13.0,11.369967441729573,0.16565005922939996,11.418337401180613,0.16171352654119342,100,98,0.98,1.64,1.6734693877551021
14.0,12.093221874323422,0.18596235245500975,12.156352128317195,0.18094474649178421,100,98,0.98,1.62,1.653061224489796
15.0,12.80025165187767,0.21021725444525347,12.954869861565678,0.19107380838210974,100,97,0.97,1.68,1.731958762886598
16.0,13.504646284277566,0.2364578550326935,13.681049894967627,0.21556058601701666,100,97,0.97,1.75,1.8041237113402062
17.0,14.20278896863877,0.26310931074769855,14.39424907321093,0.24543885399252993,100,95,0.95,1.65,1.736842105263158
18.0,14.839313175501143,0.28819053034064,15.164226213328995,0.252897946466881,100,94,0.94,1.55,1.648936170212766
19.0,15.470598692045835,0.31425275900264615,15.820904395500255,0.27963604228142147,100,93,0.93,1.62,1.7419354838709677
20.0,16.094013280765285,0.3416363282444979,16.491242662940525,0.30582910956284043,100,93,0.93,1.64,1.7634408602150538
21.0,16.689084676943377,0.36943162749970826,17.13110437926105,0.33251080544194606,100,93,0.93,1.69,1.8172043010752688
22.0,17.27068802893847,0.39560642835480014,17.75648432764287,0.3569688540584058,100,93,0.93,1.68,1.8064516129032258
23.0,17.867292323258475,0.4222580587257633,18.397994321535347,0.3815235346282374,100,93,0.93,1.55,1.6666666666666667
24.0,18.457333007831508,0.45005284914960964,19.03244667053861,0.40741690930146446,100,93,0.93,1.59,1.7096774193548387
25.0,19.019134162177213,0.4775978511490915,19.618808975419178,0.43764022456515667,100,92,0.92,1.64,1.7826086956521738
26.0,19.552314101797236,0.5085416909702898,20.274651120379275,0.46755827409256956,100,91,0.91,1.7,1.8681318681318682
27.0,20.074114807928183,0.539137727332087,20.848058489753942,0.4978205022111125,100,91,0.91,1.63,1.7912087912087913
28.0,20.570058508300527,0.5694163799879243,21.5129431362903,0.5159627252705128,100,89,0.89,1.56,1.752808988764045
29.0,21.078545275960547,0.5989313198619252,22.08427658309931,0.5451194841133667,100,89,0.89,1.6,1.797752808988764
30.0,21.60321430994381,0.6283671647047933,22.673792351619838,0.5735081272662531,100,89,0.89,1.52,1.7078651685393258
31.0,22.119758620478986,0.6582672189702581,23.39192034171315,0.5932396575669912,100,88,0.88,1.49,1.6931818181818181
32.0,22.635016094486236,0.6871696863874837,24.124073039308502,0.6095608975034775,100,87,0.87,1.53,1.7586206896551724
33.0,23.128335513388958,0.7136358252084607,24.691106854139214,0.6328489638043895,100,87,0.87,1.5,1.7241379310344827
34.0,23.6117647292072,0.740318434095532,25.18226551740592,0.6611015746677352,100,86,0.86,1.42,1.6511627906976745
35.0,24.09418695640089,0.7681124252707452,25.743221595538127,0.687450259175571,100,86,0.86,1.41,1.6395348837209303
36.0,24.541846686463074,0.7951140305955152,26.235690881877034,0.7214045527079311,100,85,0.85,1.48,1.7411764705882353
37.0,24.980696576928427,0.822819044669983,26.75201645255385,0.758157957937513,100,84,0.84,1.55,1.8452380952380953
38.0,25.405255048534105,0.8514043111220747,27.25744320446537,0.7878420510054123,100,84,0.84,1.55,1.8452380952380953
39.0,25.83328671115934,0.8806867471331268,27.76700470759065,0.8182131363928191,100,84,0.84,1.47,1.75
40.0,26.242906703514826,0.9101392102623906,28.414684957251758,0.8441211989931231,100,83,0.83,1.5,1.8072289156626506
41.0,26.646609922826073,0.9407350983016342,28.90107437810869,0.8767318185844778,100,83,0.83,1.55,1.8674698795180722
42.0,27.064526763456765,0.9720302753755614,29.404588643928804,0.9096807906107073,100,83,0.83,1.59,1.9156626506024097
43.0,27.462500625691845,1.004749569909466,29.884075224934925,0.9453876092379274,100,83,0.83,1.57,1.891566265060241
44.0,27.831386448467924,1.0339991022167747,30.542368593864776,0.9646393328827042,100,82,0.82,1.55,1.8902439024390243
45.0,28.209300937274396,1.062273444888501,31.25531662454372,0.9731951314906837,100,81,0.81,1.47,1.8148148148148149
46.0,28.567503761499943,1.0905805818880547,31.922635358402562,0.9897443004395403,100,80,0.8,1.42,1.775
47.0,28.940245508150007,1.1204472073864744,32.388562541715146,1.021229988277773,100,80,0.8,1.51,1.8875
48.0,29.316002025699213,1.1504875963845251,32.85825818865165,1.052716188647289,100,80,0.8,1.55,1.9375
49.0,29.67553983716789,1.1798606510406906,33.3076804529875,1.0837988970161299,100,80,0.8,1.57,1.9625
50.0,30.029410318982404,1.2082396426781452,33.75001855525564,1.1133786693418173,100,80,0.8,1.56,1.95
51.0,30.396652052044985,1.2360679407943658,34.20907072158387,1.1412234684541274,100,80,0.8,1.52,1.9
52.0,30.775211276121325,1.2651122436169346,34.68226975167929,1.1704476225637863,100,80,0.8,1.58,1.975
53.0,31.154986831053385,1.2941114869528325,35.15698919534437,1.1994484644921228,100,80,0.8,1.65,2.0625
54.0,31.560006331824496,1.32507756674027,35.66326357130826,1.2303587892951156,100,80,0.8,1.59,1.9875
55.0,31.95387252145441,1.3556621926888734,36.44085345790496,1.2753483838487234,100,78,0.78,1.61,2.0641025641025643
56.0,32.351429394492875,1.3861103897580729,36.95054175667223,1.3053648563762248,100,78,0.78,1.75,2.2435897435897436
57.0,32.745163979351084,1.4153414581863564,37.61987596304446,1.340496529100702,100,77,0.77,1.76,2.2857142857142856
58.0,33.15874287898682,1.4444636656011471,38.344758906513356,1.3717387653026998,100,76,0.76,1.73,2.276315789473684
59.0,33.57861361643563,1.472374333588113,38.89722040315653,1.3948786513620186,100,76,0.76,1.78,2.3421052631578947
60.0,33.94723702915236,1.4975090483799234,39.39166868297174,1.439602073560712,100,74,0.74,1.75,2.364864864864865
61.0,34.326643339766434,1.5230958468533617,39.90437991353131,1.4617393973632418,100,74,0.74,1.88,2.5405405405405403
62.0,34.69314248012863,1.5464535348745296,40.792764688671,1.446915268519053,100,73,0.73,1.9,2.6027397260273974
63.0,35.05684483991524,1.568810776126384,41.2909870993376,1.4626704368395351,100,73,0.73,1.84,2.5205479452054793
64.0,35.4130136357506,1.5916858626163806,41.77888955938603,1.4799313902306874,100,73,0.73,1.79,2.452054794520548
65.0,35.76232082135608,1.6143312418563998,42.039913184330416,1.501993522023136,100,72,0.72,1.77,2.4583333333333335
66.0,36.10045459428577,1.6377322951774815,42.84309831892138,1.5070768708045774,100,71,0.71,1.74,2.4507042253521125
67.0,36.423741731315,1.659682724496506,43.57626408903559,1.5214788066243594,100,70,0.7,1.65,2.357142857142857
68.0,36.76467649208619,1.682592640947932,44.06331374728015,1.5394280673005398,100,70,0.7,1.69,2.414285714285714
69.0,37.121987670888565,1.7070708604344542,45.028116883332366,1.5131979150148995,100,69,0.69,1.64,2.3768115942028984
70.0,37.49005578204108,1.7335825501838429,45.561548928480946,1.535218785232784,100,69,0.69,1.67,2.420289855072464
71.0,37.87013579379031,1.7607804285151372,46.547456812789186,1.5174776885466017,100,68,0.68,1.62,2.3823529411764706
72.0,38.22763530151878,1.7868841323692606,47.07319138297811,1.5383341263616581,100,68,0.68,1.67,2.4558823529411766
73.0,38.5846857261766,1.8129364261763468,47.59826553688667,1.5589416229280575,100,68,0.68,1.68,2.4705882352941178
74.0,38.938416521898624,1.8388364924540013,48.33569975968211,1.5879333001792653,100,67,0.67,1.55,2.3134328358208953
75.0,39.28766179683398,1.865697292790959,48.85696136406322,1.6107489629316905,100,67,0.67,1.57,2.343283582089552
76.0,39.63427699151931,1.8924095762662057,49.374297475533865,1.633372566393078,100,67,0.67,1.63,2.4328358208955225
77.0,39.99234675177264,1.9199593923466385,50.02087027645946,1.6778991663885765,100,66,0.66,1.64,2.484848484848485
78.0,40.35227521767645,1.949505597669044,50.566216436919795,1.7056806241450926,100,66,0.66,1.62,2.4545454545454546
79.0,40.681269888504154,1.9773035448087977,51.38397448241281,1.7297444115905354,100,65,0.65,1.58,2.4307692307692306
80.0,41.04023701110097,2.006415847713996,51.936231594100214,1.755459757659273,100,65,0.65,1.61,2.476923076923077
81.0,41.402356795232684,2.0359442031849255,52.49333895430284,1.7816595123326628,100,65,0.65,1.72,2.646153846153846
82.0,41.742590473508706,2.0647459445366367,53.01677538241981,1.8089955067691648,100,65,0.65,1.78,2.7384615384615385
83.0,42.10522113815539,2.0957865364598436,53.57466871264546,1.8388985289314699,100,65,0.65,1.77,2.723076923076923
84.0,42.46322236846467,2.1268529523586253,54.12543983619821,1.8694036296063974,100,65,0.65,1.8,2.769230769230769
85.0,42.838091271365975,2.1588243979192114,54.70216122527712,1.8996704310469652,100,65,0.65,1.8,2.769230769230769
86.0,43.20366224798317,2.1889446451903076,55.26457811238051,1.9261750772512785,100,65,0.65,1.77,2.723076923076923
87.0,43.578889394707154,2.2203843753357178,55.84185064580204,1.9546509017513636,100,65,0.65,1.82,2.8
88.0,43.94972463307427,2.2508402496958153,56.41236639713606,1.980989383145999,100,65,0.65,1.89,2.9076923076923076
89.0,44.30908198357932,2.279648351090877,56.96522385945152,2.004478225134722,100,65,0.65,1.82,2.8
90.0,44.671185725862,2.3088059467420403,57.52230653988642,2.0283731217025043,100,65,0.65,1.81,2.7846153846153845
91.0,45.01863387552449,2.336423628634263,58.05684215475176,2.0502130176490514,100,65,0.65,1.84,2.830769230769231
92.0,45.38323818846765,2.3652930434829234,58.617771866972014,2.0727108796453404,100,65,0.65,1.79,2.753846153846154
93.0,45.74180616112358,2.393195031074595,59.1694149018273,2.093391560254016,100,65,0.65,1.79,2.753846153846154
94.0,46.09462301828053,2.420944502032368,59.302941152707,2.10711744080123,100,64,0.64,1.89,2.953125
95.0,46.44739095991585,2.449058650353149,59.85414106151218,2.131492641368352,100,64,0.64,1.88,2.9375
96.0,46.78312299065076,2.475543074813468,60.37872235953547,2.1537551650803755,100,64,0.64,1.84,2.875
97.0,47.12139169372759,2.5026291996439936,60.907267208093025,2.1771588232333023,100,64,0.64,1.85,2.890625
98.0,47.44961283788339,2.5297454546339857,61.420112745836484,2.2020736485382293,100,64,0.64,1.85,2.890625
99.0,47.78763011740876,2.5582819411951823,62.43743626160889,2.2097753918754415,100,63,0.63,1.8,2.857142857142857
100.0,48.14005686945574,2.5879820620458345,62.9968438045406,2.2370231075783837,100,63,0.63,1.75,2.7777777777777777
101.0,48.49018307935688,2.618542847232671,63.534022561967525,2.303805140054275,100,62,0.62,1.71,2.7580645161290325
102.0,48.83611313103449,2.64918133485619,64.30035162656748,2.3642642687740696,100,61,0.61,1.7,2.7868852459016393
103.0,49.1671168074126,2.6772566271002223,64.84298060423652,2.3901081844951904,100,61,0.61,1.68,2.7540983606557377
104.0,49.49474235767595,2.7058570525302277,65.78007289618265,2.424728260915383,100,60,0.6,1.65,2.75
105.0,49.80972573836388,2.7355175889117267,66.30504519732919,2.4574349755723714,100,60,0.6,1.56,2.6
106.0,50.1398723345985,2.766341266318544,67.3012354920753,2.492331666933014,100,59,0.59,1.52,2.5762711864406778
107.0,50.461571168690256,2.795628837066857,68.18225609481622,2.542561178474579,100,58,0.58,1.6,2.7586206896551726
108.0,50.785129442780246,2.8259368808629945,69.38923542024054,2.6128163884642985,100,56,0.56,1.61,2.875
109.0,51.110336767045304,2.8563386600916747,69.96996278499957,2.6432014562740025,100,56,0.56,1.53,2.732142857142857
110.0,51.433658733325366,2.886718726104216,70.5473234390711,2.673705549586834,100,56,0.56,1.6,2.857142857142857
111.0,51.75902531854069,2.917618904486084,71.12833519838419,2.7053043122198015,100,56,0.56,1.61,2.875
112.0,52.054617061456526,2.944718008745588,71.97788555811509,2.8130586173880783,100,54,0.54,1.54,2.8518518518518516
113.0,52.34775708948607,2.972860990527691,73.2387440387221,2.8025071840945834,100,53,0.53,1.49,2.811320754716981
114.0,52.629815302459185,2.99976949003843,73.77092934621852,2.828637251733897,100,53,0.53,1.46,2.7547169811320753
115.0,52.914122234185115,3.0253867676646466,74.08711833957797,2.8956435152720608,100,52,0.52,1.42,2.730769230769231
116.0,53.18079466667446,3.0508890787592966,74.59994994051901,2.9214606299414343,100,52,0.52,1.47,2.826923076923077
117.0,53.4531980067098,3.07632397740231,76.14647289909139,2.8166257114057065,100,51,0.51,1.52,2.980392156862745
118.0,53.70830474350727,3.099916443483304,76.64668218692957,2.835944492888226,100,51,0.51,1.55,3.0392156862745097
119.0,53.94754175342558,3.1228040709419314,77.11577436323999,2.8570883286925874,100,51,0.51,1.53,3.0
120.0,54.170025826030475,3.145850902175728,77.87361760971868,2.9239618792692488,100,50,0.5,1.46,2.92
121.0,54.38898536940747,3.1701431396825943,78.82877592664771,2.9714539153679738,100,49,0.49,1.51,3.0816326530612246
122.0,54.60377366952958,3.1942369523676724,79.26711939628466,3.0044244535966653,100,49,0.49,1.62,3.306122448979592
123.0,54.81141970355708,3.217893452973049,79.69088681266729,3.0377069008574074,100,49,0.49,1.74,3.5510204081632653
124.0,55.029652977065105,3.2422716443975026,80.13626084023471,3.0703018493603493,100,49,0.49,1.68,3.4285714285714284
125.0,55.23818843237826,3.26492072815403,81.23398971622747,3.180312406547226,100,47,0.47,1.56,3.3191489361702127
126.0,55.44470415024611,3.2870045785096806,81.67338486062715,3.2059463764308775,100,47,0.47,1.57,3.3404255319148937
127.0,55.66744118440475,3.3102703910075,82.14729344394343,3.2307768907918955,100,47,0.47,1.59,3.382978723404255
128.0,55.88343756663565,3.332139561895827,82.60686021464745,3.251394325483505,100,47,0.47,1.46,3.106382978723404
129.0,56.10724824379152,3.3549130144216925,82.84269533361207,3.3359858162962532,100,46,0.46,1.41,3.0652173913043477
130.0,56.33002492981518,3.3777885127109513,83.32699247714177,3.3596298633444373,100,46,0.46,1.4,3.0434782608695654
131.0,56.56924799596501,3.402993434791526,83.84704262094574,3.3878117665526104,100,46,0.46,1.38,3.0
132.0,56.81303959467778,3.428873351875736,84.37702435727788,3.417159743039225,100,46,0.46,1.38,3.0
133.0,57.04647382302089,3.453760194638421,84.88449007106725,3.445491293145647,100,46,0.46,1.42,3.0869565217391304
134.0,57.28075978738476,3.4792198052237624,86.59886421858383,3.333670259850101,100,45,0.45,1.38,3.066666666666667
135.0,57.50864689556306,3.5040611454651183,87.10528001453562,3.3619416222203853,100,45,0.45,1.39,3.088888888888889
136.0,57.73095754702149,3.527756353162842,87.59930368444323,3.3864571195670075,100,45,0.45,1.35,3.0
137.0,57.934652126316315,3.551185612455138,88.63204802576966,3.445485044948233,100,44,0.44,1.24,2.8181818181818183
138.0,58.16980271334989,3.5767100282664175,89.1664811781187,3.4722584617491314,100,44,0.44,1.3,2.9545454545454546
139.0,58.402720985479704,3.6021074248061686,89.39736405220205,3.568398972177845,100,43,0.43,1.26,2.9302325581395348
140.0,58.61850136904786,3.62572863401709,89.8991788977094,3.5951778819614,100,43,0.43,1.17,2.7209302325581395
141.0,58.816200062814126,3.6471642763072842,90.35894330181698,3.61831271916959,100,43,0.43,1.15,2.6744186046511627
142.0,59.014457701948125,3.6696819474221174,91.79231404167,3.5996122525380705,100,42,0.42,1.16,2.761904761904762
143.0,59.21034834854378,3.6922261703134174,93.09210875061399,3.7600119495398943,100,40,0.4,1.18,2.95
144.0,59.401940675645704,3.714893506528955,93.72268023412428,3.8857981627953424,100,39,0.39,1.2,3.076923076923077
145.0,59.595900306675965,3.7381668980940104,95.72568289879223,3.7143349981662914,100,38,0.38,1.09,2.8684210526315788
146.0,59.78125812988269,3.760630817254614,96.21346664407305,3.745102190170802,100,38,0.38,1.12,2.9473684210526314
147.0,59.98084979439802,3.785556722622772,96.73870786648183,3.783019127700319,100,38,0.38,1.13,2.973684210526316
148.0,60.15755449694244,3.808488147029429,97.20372024159872,3.8222835476946058,100,38,0.38,1.08,2.8421052631578947
149.0,60.32573819232614,3.8317589274329,97.6463089136611,3.869390552670147,100,38,0.38,1.07,2.8157894736842106
150.0,60.48833418971296,3.854356095428429,98.07419311731059,3.9152124221900078,100,38,0.38,1.11,2.9210526315789473
151.0,60.651929195556434,3.8771538339240506,98.50470629058292,3.9613407320825,100,38,0.38,1.08,2.8421052631578947
152.0,60.828183876667524,3.9009655436242334,98.96853439877002,4.005457656821129,100,38,0.38,1.1,2.8947368421052633
153.0,60.999789337534594,3.924522625096401,99.42012771684122,4.050589443961642,100,38,0.38,1.05,2.763157894736842
154.0,61.1685490764014,3.9473425409701273,100.15538047581609,4.193734348258579,100,37,0.37,1.03,2.7837837837837838
155.0,61.34219721729411,3.971602475052923,103.07092999961885,4.109277414741298,100,35,0.35,1.1,3.142857142857143
156.0,61.51726693081341,3.9959915242864277,103.57112918110256,4.155743233065967,100,35,0.35,1.16,3.3142857142857145
157.0,61.69699382829297,4.021517325340488,104.08463460247276,4.2068339013947345,100,35,0.35,1.09,3.1142857142857143
158.0,61.87371225368309,4.046923110630763,104.58954438930165,4.2589879482020185,100,35,0.35,1.09,3.1142857142857143
159.0,62.04117391513569,4.070609626455445,105.06800627916618,4.304878646550719,100,35,0.35,1.09,3.1142857142857143
160.0,62.199777254411885,4.092837807339357,105.52115867709821,4.346348306997948,100,35,0.35,1.05,3.0
161.0,62.368560598813936,4.116386641643439,106.00339680396118,4.389268201918838,100,35,0.35,1.04,2.9714285714285715
162.0,62.535679402881605,4.140065147877639,107.45621549237134,4.454759367351507,100,34,0.34,1.0,2.9411764705882355
163.0,62.698303603844934,4.163363275015627,107.93452196579291,4.499454053615235,100,34,0.34,1.01,2.9705882352941178
164.0,62.86323526793915,4.187251676453211,108.41961509548177,4.5464928477704465,100,34,0.34,1.0,2.9411764705882355
165.0,63.02903858712335,4.2114394334472225,108.90727191661178,4.594767065996334,100,34,0.34,0.97,2.8529411764705883
166.0,63.19746789119894,4.236151103612439,110.79559732958144,4.567075103704233,100,33,0.33,0.96,2.909090909090909
167.0,63.3534851564988,4.2589172697711835,112.45379757377444,4.597379553796321,100,32,0.32,0.92,2.875
168.0,63.50715029615188,4.281313359447212,112.92824963487028,4.790931247104645,100,31,0.31,0.99,3.193548387096774
169.0,63.655778881489304,4.303404634660362,113.40769668434586,4.8360013115006835,100,31,0.31,1.06,3.4193548387096775
170.0,63.80285313690871,4.324766423002437,113.88212976634395,4.875466952079347,100,31,0.31,1.01,3.2580645161290325
171.0,63.9494863666752,4.346514342376372,114.35514018494553,4.918670537811401,100,31,0.31,1.02,3.2903225806451615
172.0,64.09209258518814,4.367790196160356,115.29806469990078,5.105356476692665,100,30,0.3,1.11,3.7
173.0,64.23029810441408,4.388779277995607,115.75874976398715,5.15015413178861,100,30,0.3,1.1,3.6666666666666665
174.0,64.37546686442688,4.410584644398755,116.24264563069657,5.194440093358862,100,30,0.3,1.12,3.7333333333333334
175.0,64.50909539212036,4.431350172285905,119.08112710953957,4.827013673450273,100,29,0.29,1.05,3.6206896551724137
176.0,64.65508437487652,4.4534378686235545,119.58453739490568,4.8707265026638344,100,29,0.29,1.01,3.4827586206896552
177.0,64.79143132822094,4.4734598335684606,120.05469930298986,4.904367687138186,100,29,0.29,1.0,3.4482758620689653
178.0,64.91670228461898,4.49248395487535,120.48666811815552,4.941917367361506,100,29,0.29,0.95,3.2758620689655173
179.0,65.04014169394559,4.511471049843394,120.91232125376447,4.98124150059643,100,29,0.29,0.92,3.1724137931034484
180.0,65.15886243595004,4.529957439716187,121.32170312274539,5.021210923770465,100,29,0.29,0.93,3.206896551724138
181.0,65.27741381265973,4.548765125614304,121.73050097346842,5.064600332575115,100,29,0.29,0.93,3.206896551724138
182.0,65.393945526457,4.567685164215289,122.13233446932114,5.11162242113279,100,29,0.29,0.92,3.1724137931034484
183.0,65.51714536947523,4.587580568533027,122.55716151421156,5.159763501316176,100,29,0.29,0.96,3.310344827586207
184.0,65.62467937574986,4.605021307208327,122.92796843239995,5.202269676644422,100,29,0.29,0.89,3.0689655172413794
185.0,65.73112819007008,4.6207981364543596,125.38912675499793,4.964568273121085,100,28,0.28,0.89,3.1785714285714284
186.0,65.85239392234968,4.638246991624243,125.82221865599654,4.984347334608587,100,28,0.28,0.97,3.4642857142857144
187.0,65.98002411375367,4.656788185278502,126.27804076815359,5.007011840046708,100,28,0.28,1.01,3.607142857142857
188.0,66.11321285070746,4.676025023787409,126.7537148287028,5.028972494498001,100,28,0.28,1.01,3.607142857142857
189.0,66.24197077202867,4.695068801156216,127.21356454770718,5.0553260098550625,100,28,0.28,0.95,3.392857142857143
190.0,66.36670555816646,4.713552575368621,128.7809658067113,5.142640499614774,100,27,0.27,0.97,3.5925925925925926
191.0,66.48691525490261,4.732453039508693,129.22618690573407,5.178940222273991,100,27,0.27,1.02,3.7777777777777777
192.0,66.61592252316615,4.752205370018288,129.70399160300641,5.210672895080609,100,27,0.27,1.0,3.7037037037037037
193.0,66.74376369163403,4.771723455377755,130.17747741214674,5.241043242159609,100,27,0.27,0.95,3.5185185185185186
194.0,66.84966049481784,4.788503417848147,130.569687794309,5.273779958121566,100,27,0.27,0.87,3.2222222222222223
195.0,66.96029116170956,4.80580878816365,130.9794310050191,5.304824319112102,100,27,0.27,0.88,3.259259259259259
196.0,67.06504957074883,4.822777247306052,131.36742511257194,5.341380646579845,100,27,0.27,0.85,3.1481481481481484
197.0,67.17273391998422,4.840785662257149,131.76625603566598,5.385845728925875,100,27,0.27,0.81,3.0
198.0,67.2828780738418,4.85894201700121,133.6122750563333,5.438986218050892,100,26,0.26,0.81,3.1153846153846154
199.0,67.38853236478373,4.877078191534017,134.01863771380224,5.487325425182726,100,26,0.26,0.77,2.9615384615384617
200.0,67.49036992252938,4.8944029738399895,134.41032062820858,5.531434508089862,100,26,0.26,0.76,2.923076923076923
201.0,67.5886305643812,4.911107461981058,134.78824617379257,5.573510463140578,100,26,0.26,0.77,2.9615384615384617
202.0,67.6830378734698,4.927257627260088,135.1513512087487,5.614989786277355,100,26,0.26,0.81,3.1153846153846154
203.0,67.771887882777,4.9423746714153305,135.49308201377642,5.65266302131648,100,26,0.26,0.74,2.8461538461538463
204.0,67.86210491253622,4.957432912261758,135.84007058977338,5.686797326044766,100,26,0.26,0.74,2.8461538461538463
205.0,67.96238419001239,4.97452096661798,136.22576011852786,5.729111766127024,100,26,0.26,0.71,2.730769230769231
206.0,68.05853020641081,4.99091845235208,136.595552489291,5.7695791631259,100,26,0.26,0.78,3.0
207.0,68.15361784923864,5.006948542168562,136.96127419247497,5.806877968480927,100,26,0.26,0.78,3.0
208.0,68.2419596912323,5.022330140897864,137.30105050783516,5.847706606421366,100,26,0.26,0.76,2.923076923076923
209.0,68.33512146772364,5.038299916681387,137.6593650328019,5.887219128797222,100,26,0.26,0.78,3.0
210.0,68.41325549988589,5.052443334575075,137.95988054111825,5.929901676592992,100,26,0.26,0.84,3.230769230769231
211.0,68.48973405796747,5.066025953893386,138.25402884143202,5.968069760943585,100,26,0.26,0.81,3.1153846153846154
212.0,68.57308187658191,5.080804737981325,138.57459737456446,6.009130452109811,100,26,0.26,0.86,3.3076923076923075
213.0,68.65260219277904,5.0947329486025525,138.88044474455347,6.045883665412429,100,26,0.26,0.84,3.230769230769231
214.0,68.72502455084702,5.107727196624436,139.1589922755841,6.0831457814598995,100,26,0.26,0.79,3.0384615384615383
215.0,68.79717791344007,5.120823876931112,139.43650520863432,6.122008727158256,100,26,0.26,0.75,2.8846153846153846
216.0,68.87199480627233,5.1342387951751975,139.7242624887584,6.16000737971704,100,26,0.26,0.78,3.0
217.0,68.94522667536175,5.146930811504292,140.00592352371774,6.191468420433522,100,26,0.26,0.72,2.769230769230769
218.0,69.02188808067355,5.160247837951432,140.30077508260922,6.224637294034541,100,26,0.26,0.67,2.576923076923077
219.0,69.09248752028265,5.172497264929201,140.57231138879808,6.254862438913255,100,26,0.26,0.67,2.576923076923077
220.0,69.15601649427671,5.184157455940388,141.76488149297063,6.4719757666235385,100,25,0.25,0.66,2.64
221.0,69.21668452015321,5.19494324225104,142.00755359647658,6.5010311563345295,100,25,0.25,0.65,2.6
222.0,69.28032352719417,5.206165700722073,142.26210962464046,6.530179742908603,100,25,0.25,0.65,2.6
223.0,69.34236956863433,5.216551167805971,142.5102937904011,6.5511793770098565,100,25,0.25,0.62,2.48
224.0,69.41675494807501,5.2291783798035105,142.8078353081638,6.578551055228447,100,25,0.25,0.67,2.68
225.0,69.4891686822907,5.241384097270677,143.09749024502653,6.603931913403433,100,25,0.25,0.66,2.64
226.0,69.56748951888557,5.254911891139009,143.41077359140604,6.635512393092524,100,25,0.25,0.66,2.64
227.0,69.65257482276493,5.26958757843035,143.75111480692354,6.669375849172992,100,25,0.25,0.62,2.48
228.0,69.73866498105446,5.284510669005449,144.62577538469523,6.967939899212437,100,24,0.24,0.56,2.3333333333333335
229.0,69.7974706813654,5.295549939242494,146.91477256540722,7.481528773913147,100,22,0.22,0.59,2.6818181818181817
230.0,69.86528250930232,5.308378205223105,147.2230081469387,7.524681716277452,100,22,0.22,0.63,2.8636363636363638
231.0,69.93632793291829,5.32166663489623,147.54594189064767,7.567344699760233,100,22,0.22,0.62,2.8181818181818183
232.0,70.0082862276583,5.3348728175772795,147.87302504855677,7.606498702283943,100,22,0.22,0.6,2.727272727272727
233.0,70.08011958075508,5.347829291740238,148.19954028990583,7.641953865125077,100,22,0.22,0.57,2.590909090909091
234.0,70.14910718330957,5.360271532516377,148.51312030151712,7.675791584225751,100,22,0.22,0.53,2.409090909090909
235.0,70.20570855985753,5.371148332762458,148.77039928582602,7.7133910379908475,100,22,0.22,0.59,2.6818181818181817
236.0,70.26262674619427,5.382115910912753,149.02911831462941,7.7514718307584785,100,22,0.22,0.56,2.5454545454545454
237.0,70.32104670159335,5.392657390955543,151.79496280838828,7.726603678847364,100,21,0.21,0.45,2.142857142857143
238.0,70.38118662490594,5.403301887595876,152.08134339559115,7.750656807300908,100,21,0.21,0.53,2.5238095238095237
239.0,70.44669467262977,5.414993527695415,152.3932864799903,7.7782811019434455,100,21,0.21,0.54,2.5714285714285716
240.0,70.50891640256938,5.42611450263292,152.68958043208372,7.80461527947326,100,21,0.21,0.52,2.4761904761904763
241.0,70.56919941024233,5.437038349945029,152.97664237338344,7.8324218012242595,100,21,0.21,0.55,2.619047619047619
242.0,70.62299208034318,5.446695548476759,153.23279794529225,7.855624379413141,100,21,0.21,0.54,2.5714285714285716
243.0,70.67731524809399,5.456491370645708,156.07481124820225,7.826133425198111,100,20,0.2,0.49,2.45
244.0,70.72405023205276,5.465635267557794,156.30848616799608,7.857951990381729,100,20,0.2,0.47,2.35
245.0,70.77569353335817,5.4752222405614495,156.56670267452313,7.883591272560879,100,20,0.2,0.51,2.55
246.0,70.84272866786888,5.487763223886632,156.9018783470767,7.918416571527287,100,20,0.2,0.5,2.5
247.0,70.90914406069862,5.500215839594823,157.23395531122534,7.953187879649964,100,20,0.2,0.5,2.5
248.0,70.97384570608729,5.5123856024867255,157.5574635381687,7.98753542998432,100,20,0.2,0.55,2.75
249.0,71.04232036829812,5.524645719092269,157.89983684922285,8.012533524908957,100,20,0.2,0.55,2.75
250.0,71.10930659235218,5.536771486951827,158.2347679694932,8.039161747081232,100,20,0.2,0.56,2.8
251.0,71.17028235455989,5.547605310032424,158.53964678053174,8.059571599554072,100,20,0.2,0.59,2.95
252.0,71.22757084688782,5.557820515855349,158.82608924217138,8.079258193422646,100,20,0.2,0.61,3.05
253.0,71.29781445578769,5.570497156280895,159.17730728667078,8.105918223370313,100,20,0.2,0.63,3.15
254.0,71.35436215434042,5.580772511737016,159.46004577943438,8.128485405011803,100,20,0.2,0.62,3.1
255.0,71.41321362277216,5.59127585981323,159.75430312159307,8.148418325501096,100,20,0.2,0.53,2.65
256.0,71.46622305313534,5.600587477240729,160.6913048159455,8.57597474550448,100,19,0.19,0.51,2.6842105263157894
257.0,71.51820241689506,5.60974929119206,157.4389121972891,9.239852502960849,100,17,0.17,0.52,3.0588235294117645
258.0,71.57195067998646,5.619298536712382,157.75507845076783,9.266976476914092,100,17,0.17,0.51,3.0
259.0,71.62468983678909,5.6284564475290875,158.0653087849009,9.288643389057347,100,17,0.17,0.51,3.0
260.0,71.6827807235798,5.638822514619012,158.4070198836698,9.318353106725548,100,17,0.17,0.55,3.235294117647059
261.0,71.74544695975865,5.650385887783787,158.77564480236904,9.358412612146388,100,17,0.17,0.56,3.2941176470588234
262.0,71.80676610495611,5.661933928849543,159.13634565647166,9.402334217044562,100,17,0.17,0.58,3.411764705882353
263.0,71.86345621583136,5.672256771030321,159.46981689691435,9.434849055367257,100,17,0.17,0.61,3.588235294117647
264.0,71.91646469600103,5.681921838614153,163.68129109049744,9.181576630462118,100,16,0.16,0.53,3.3125
265.0,71.95808519928329,5.6896664462936,163.94141923601163,9.205847964792536,100,16,0.16,0.55,3.4375
266.0,71.99950784690623,5.697486404538341,164.20031078365494,9.232654740121554,100,16,0.16,0.54,3.375
267.0,72.0466205367645,5.706217199690761,164.49476509526912,9.258735976977142,100,16,0.16,0.49,3.0625
268.0,72.10026429633474,5.716035403956173,164.83003859258318,9.284998557185888,100,16,0.16,0.52,3.25
269.0,72.16038518900402,5.727298710096832,165.20579417176612,9.320631094655496,100,16,0.16,0.55,3.4375
270.0,72.21509262785219,5.737820355639921,165.54771566456714,9.359582629361189,100,16,0.16,0.5,3.125
271.0,72.26789120107206,5.747939064222411,165.87770674719144,9.395918416791273,100,16,0.16,0.55,3.4375
272.0,72.32445773772197,5.758663283595084,166.2312476012533,9.431535034769915,100,16,0.16,0.51,3.1875
273.0,72.38064293768423,5.769355749998516,166.5824051010175,9.467562241764597,100,16,0.16,0.54,3.375
274.0,72.4513076279993,5.7831142054398255,167.0240594154867,9.520135265257371,100,16,0.16,0.58,3.625
275.0,72.52434314028292,5.797163235098109,167.48053136725926,9.56955398557275,100,16,0.16,0.56,3.5
276.0,72.60143514402372,5.812092165713894,167.96235639063934,9.623526036767219,100,16,0.16,0.58,3.625
277.0,72.68945372924027,5.829026775668228,168.51247254824278,9.681561324967008,100,16,0.16,0.58,3.625
278.0,72.7727553305895,5.844983548037013,169.0331075566754,9.73394258647877,100,16,0.16,0.61,3.8125
279.0,72.85797046430895,5.861523444822585,169.56570214242197,9.79209179456732,100,16,0.16,0.65,4.0625
280.0,72.93549412904954,5.876936540241619,170.05022504705062,9.85329883170842,100,16,0.16,0.66,4.125
281.0,73.01732978877682,5.892943521832324,170.5616979203461,9.91067530877683,100,16,0.16,0.63,3.9375
282.0,73.09235863925127,5.907391300199521,171.03062823581152,9.957055709824456,100,16,0.16,0.57,3.5625
283.0,73.15665867949616,5.919768518664959,171.4325034873421,9.996225776869581,100,16,0.16,0.59,3.6875
284.0,73.22821498901146,5.933492455239325,171.8797304218126,10.038097078847457,100,16,0.16,0.62,3.875
285.0,73.29301108318968,5.946167967780559,178.43947331740122,8.536151337474822,100,15,0.15,0.58,3.8666666666666667
286.0,73.35624656882806,5.9587246632901,178.861043221657,8.577291105684873,100,15,0.15,0.54,3.6
287.0,73.41455402807986,5.970251219038977,179.24975961666914,8.613020035400691,100,15,0.15,0.51,3.4
288.0,73.47461862575919,5.98223781338094,179.65019026786462,8.652992648812303,100,15,0.15,0.5,3.3333333333333335
289.0,73.5368780504988,5.994701750049108,180.06525309946207,8.695151034628829,100,15,0.15,0.48,3.2
290.0,73.59167400111981,6.006040463610308,180.4305594369355,8.743744190416157,100,15,0.15,0.45,3.0
291.0,73.6451860289156,6.0173511002190585,180.78730628890744,8.79837925341629,100,15,0.15,0.45,3.0
292.0,73.69157383079505,6.027386245976218,181.09655830143703,8.852708300348795,100,15,0.15,0.44,2.933333333333333
293.0,73.7462569991297,6.0391270404794835,181.46111275700142,8.913336004355923,100,15,0.15,0.4,2.6666666666666665
294.0,73.80076286701559,6.050850594511239,181.82448520957402,8.973847398824653,100,15,0.15,0.4,2.6666666666666665
295.0,73.85440092204144,6.062369702923645,182.18207224307963,9.032270618794726,100,15,0.15,0.4,2.6666666666666665
296.0,73.91179656444909,6.074726090799844,182.5647098591307,9.095141872760717,100,15,0.15,0.41,2.7333333333333334
297.0,73.96970035983313,6.087070555251176,182.95073516169086,9.154142858900794,100,15,0.15,0.42,2.8
298.0,74.03056787455098,6.099786906122478,183.35651859314336,9.207423393537372,100,15,0.15,0.39,2.6
299.0,74.08561203701885,6.111436075611461,183.72347967626237,9.259771818392222,100,15,0.15,0.43,2.8666666666666667
300.0,74.14182416896567,6.1235088727268465,184.09822722257448,9.318198128269513,100,15,0.15,0.46,3.066666666666667
301.0,74.1941732316092,6.134874440114474,184.4472209735313,9.375900736302347,100,15,0.15,0.47,3.1333333333333333
302.0,74.2409532362826,6.145297866108921,184.75908767135417,9.435249233787783,100,15,0.15,0.5,3.3333333333333335
303.0,74.28141097873838,6.154263653235466,185.02880595439254,9.484714394309771,100,15,0.15,0.54,3.6
304.0,74.32318470851271,6.163590969743284,185.3072974862215,9.537579888147842,100,15,0.15,0.54,3.6
305.0,74.35338915774588,6.170048861586836,185.5086604811093,9.566884535502918,100,15,0.15,0.55,3.6666666666666665
306.0,74.387344020516,6.177077421244544,185.73502623291012,9.592643485999682,100,15,0.15,0.54,3.6
307.0,74.43166003223693,6.186355982165438,186.03046631104965,9.629225650993753,100,15,0.15,0.54,3.6
308.0,74.47722245379424,6.195983674279773,186.33421578809833,9.669222321384582,100,15,0.15,0.54,3.6
309.0,74.52160017490063,6.205148474205163,186.63006726214093,9.701491429147787,100,15,0.15,0.51,3.4
310.0,74.56606337010008,6.214356558410225,186.92648856347057,9.73434729598018,100,15,0.15,0.46,3.066666666666667
311.0,74.61205863005816,6.223937935146699,187.2331236298578,9.76975719157494,100,15,0.15,0.48,3.2
312.0,74.65606299913252,6.233212825614634,187.52648609035342,9.806626725352281,100,15,0.15,0.46,3.066666666666667
313.0,74.69961801158246,6.242445682306267,187.81685284001975,9.844441596444632,100,15,0.15,0.43,2.8666666666666667
314.0,74.73434454446694,6.2496292418384645,188.04836305924962,9.869100653454474,100,15,0.15,0.41,2.7333333333333334
315.0,74.78183826154685,6.2597272854957104,188.36498783978234,9.910737397113893,100,15,0.15,0.42,2.8
316.0,74.83382998395754,6.270911701849381,188.71159932252033,9.959830238717323,100,15,0.15,0.39,2.6
317.0,74.88288874227871,6.2814416662604815,189.03865771132814,10.005108789097577,100,15,0.15,0.4,2.6666666666666665
318.0,74.93143213170919,6.29202147376302,189.36228030753128,10.054321788672683,100,15,0.15,0.41,2.7333333333333334
319.0,74.98445449280362,6.303784230834539,189.71576271482755,10.113757065958378,100,15,0.15,0.42,2.8
320.0,75.03949828216133,6.316059396587908,190.0827213105457,10.176852068202534,100,15,0.15,0.42,2.8
